
<--- Last few GCs --->


<--- JS stacktrace --->


#
# Fatal javascript OOM in MemoryChunk allocation failed during deserialization.
#


<--- Last few GCs --->




<--- Last few GCs --->

<--- Last few GCs --->


#

<--- JS stacktrace --->
# Fatal error in , line 0



<--- JS stacktrace --->
<--- JS stacktrace --->

# Out of memory: HashMap::Initialize


#
#
#
FATAL ERROR: Committing semi space failed. Allocation failed - JavaScript heap out of memory
# Fatal javascript OOM in MemoryChunk allocation failed during deserialization.

#
----- Native stack trace -----
#
#
# Fatal javascript OOM in MemoryChunk allocation failed during deserialization.

#FailureMessage Object: 000000989B5FB300

#
----- Native stack trace -----




 1: 00007FF6945271AB node::SetCppgcReference+16075
#
 2: 00007FF69442649F node::TriggerNodeReport+70223
# Fatal error in , line 0
 3: 00007FF6952F2E72 V8_Fatal+162
 4: 00007FF694EE7673 v8::SharedValueConveyor::SharedValueConveyor+555763
 5: 00007FF694EE70C6 v8::SharedValueConveyor::SharedValueConveyor+554310
# Out of memory: HashMap::Initialize
 6: 00007FF694EE7391 v8::SharedValueConveyor::SharedValueConveyor+555025
#

 1: 00007FF6945271AB node::SetCppgcReference+16075
 7: 00007FF694EE7207 v8::SharedValueConveyor::SharedValueConveyor+554631
#
<--- Last few GCs --->
 8: 00007FF694AA9BD1 v8::base::Thread::StartSynchronously+9105
#
 2: 00007FF69449DCC6 v8::base::CPU::num_virtual_address_bits+79190

 9: 00007FF694ACFA1D v8::base::Thread::StartSynchronously+164317
#FailureMessage Object: 00000077071FB690
 3: 00007FF69449FED5 v8::base::CPU::num_virtual_address_bits+87909

10: 00007FF694AE2BB5 v8::base::Thread::StartSynchronously+242549
----- Native stack trace -----
 4: 00007FF694F0F061 v8::Isolate::ReportExternalAllocationLimitReached+65
<--- JS stacktrace --->
11: 00007FF694AE0072 v8::base::Thread::StartSynchronously+231474

 5: 00007FF694EF87F8 v8::Function::Experimental_IsNopFunction+1336

12: 00007FF694AD4850 v8::base::Thread::StartSynchronously+184336
 6: 00007FF694D5A120 v8::Platform::SystemClockTimeMillis+659328
 1: 00007FF6945271AB 

13: 00007FF694AE20BB v8::base::Thread::StartSynchronously+239739
 7: 00007FF694D11F23 v8::Platform::SystemClockTimeMillis+363907
 2: 00007FF69442649F 
#
14: 00007FF694AE16EC v8::base::Thread::StartSynchronously+237228
 8: 00007FF694D637E0 v8::Platform::SystemClockTimeMillis+697920
 3: 00007FF6952F2E72 
# Fatal javascript OOM in MemoryChunk allocation failed during deserialization.
15: 00007FF694AE1233 v8::base::Thread::StartSynchronously+236019
 4: 00007FF694EE7673 
 9: 00007FF694D56E40 v8::Platform::SystemClockTimeMillis+646304
#
16: 00007FF694AE2D0C v8::base::Thread::StartSynchronously+242892
10: 00007FF694D6C4BA v8::Platform::SystemClockTimeMillis+733978
 5: 00007FF694EE70C6 

 6: 00007FF694EE7391 
11: 00007FF694D6CD37 v8::Platform::SystemClockTimeMillis+736151
17: 00007FF694AE0072 v8::base::Thread::StartSynchronously+231474
18: 00007FF694AD4850 v8::base::Thread::StartSynchronously+184336
12: 00007FF694D7596E v8::Platform::SystemClockTimeMillis+772046
 7: 00007FF694EE7207 
19: 00007FF694AE20BB v8::base::Thread::StartSynchronously+239739
13: 00007FF694D89BF4 v8::Platform::SystemClockTimeMillis+854612
 8: 00007FF694AA9BD1 
20: 00007FF694AE16EC v8::base::Thread::StartSynchronously+237228
14: 00007FF694B291A7 v8::base::Thread::StartSynchronously+530791
 9: 00007FF694AE3D5A 
21: 00007FF694AE1233 v8::base::Thread::StartSynchronously+236019
15: 00007FF694B2912E v8::base::Thread::StartSynchronously+530670
22: 00007FF694AE2D0C v8::base::Thread::StartSynchronously+242892
16: 00007FF694B42C06 v8::base::Thread::StartSynchronously+635846
10: 00007FF694AE15EA 
11: 00007FF694AE1233 
23: 00007FF694AE0072 v8::base::Thread::StartSynchronously+231474
17: 00007FF694B438B4 v8::base::Thread::StartSynchronously+639092
12: 00007FF694AE2D0C 
24: 00007FF694AD4850 v8::base::Thread::StartSynchronously+184336
18: 00007FF694B4787F v8::base::Thread::StartSynchronously+655423
13: 00007FF694AE0072 
25: 00007FF694AE8338 v8::base::Thread::StartSynchronously+264952
19: 00007FF694B503F2 v8::base::Thread::StartSynchronously+691122
14: 00007FF694AD4850 
26: 00007FF694AE8812 v8::base::Thread::StartSynchronously+266194
20: 00007FF694B25CC0 v8::base::Thread::StartSynchronously+517248
15: 00007FF694AE8338 
27: 00007FF694ADD91A v8::base::Thread::StartSynchronously+221402
21: 00007FF694B3A854 v8::base::Thread::StartSynchronously+602132
16: 00007FF694AE8812 
28: 00007FF694ADC993 v8::base::Thread::StartSynchronously+217427
22: 00007FF694CE2B23 v8::Platform::SystemClockTimeMillis+170371
17: 00007FF694ADD91A 
29: 00007FF694ADE1A4 v8::base::Thread::StartSynchronously+223588
23: 00007FF694CE10B9 v8::Platform::SystemClockTimeMillis+163609
18: 00007FF694ADC993 
30: 00007FF694ACF0D9 v8::base::Thread::StartSynchronously+161945
24: 00007FF694FC062E v8::PropertyDescriptor::writable+677134
31: 00007FF694AE341F v8::base::Thread::StartSynchronously+244703
19: 00007FF694ADE1A4 
25: 00007FF69508B63A v8::PropertyDescriptor::writable+1508634
20: 00007FF694ACF0D9 
26: 00007FF694F31BD0 v8::PropertyDescriptor::writable+92848
21: 00007FF694AE341F 
32: 00007FF694AC8B82 v8::base::Thread::StartSynchronously+136002
33: 00007FF694E651BB v8::SharedValueConveyor::SharedValueConveyor+22075
27: 00007FF694F31BD0 v8::PropertyDescriptor::writable+92848
22: 00007FF694AC8B82 
34: 00007FF694E6A7EB v8::SharedValueConveyor::SharedValueConveyor+44139
28: 00007FF694F31BD0 v8::PropertyDescriptor::writable+92848
23: 00007FF694E651BB 
35: 00007FF694EF279C v8::ScriptCompiler::CompileFunctionInternal+1260
29: 00007FF694F31BD0 v8::PropertyDescriptor::writable+92848
24: 00007FF694E6A7EB 
36: 00007FF694EF22A4 v8::ScriptCompiler::CompileFunction+84
30: 00007FF694F31BD0 v8::PropertyDescriptor::writable+92848
25: 00007FF694EF279C 
31: 00007FF694F2FF90 v8::PropertyDescriptor::writable+85616
37: 00007FF6944ABC0F node::OnFatalError+48431
26: 00007FF694EF22A4 
38: 00007FF6944AB7DD node::OnFatalError+47357
32: 00007FF694F2FB8B v8::PropertyDescriptor::writable+84587
27: 00007FF6944ABC0F 
39: 00007FF694EC558E v8::SharedValueConveyor::SharedValueConveyor+416270
33: 00007FF694DDA388 v8::PrimitiveArray::Length+3928
28: 00007FF6944AB7DD 
34: 00007FF694DD9C83 v8::PrimitiveArray::Length+2131
40: 00007FF694EC518A v8::SharedValueConveyor::SharedValueConveyor+415242
29: 00007FF694EC558E 
41: 00007FF694EC544F v8::SharedValueConveyor::SharedValueConveyor+415951
35: 00007FF694EEE32B v8::Function::Call+571
30: 00007FF694EC518A 
42: 00007FF694EC52C0 v8::SharedValueConveyor::SharedValueConveyor+415552
31: 00007FF694EC544F 
36: 00007FF6944BE3BA node::OnFatalError+124122
32: 00007FF694EC52C0 
43: 00007FF694FC052E v8::PropertyDescriptor::writable+676878
37: 00007FF6944187AE node::TriggerNodeReport+13662
44: 00007FF694F31BD0 v8::PropertyDescriptor::writable+92848
33: 00007FF694FC052E 
38: 00007FF69441C473 node::TriggerNodeReport+29219
34: 00007FF694F31BD0 
45: 00007FF694F31BD0 v8::PropertyDescriptor::writable+92848
39: 00007FF694558887 node::CreateEnvironment+599
46: 00007FF694F31BD0 v8::PropertyDescriptor::writable+92848
35: 00007FF694F31BD0 
40: 00007FF694399894 RSA_meth_get_flags+157524
47: 00007FF694F31BD0 v8::PropertyDescriptor::writable+92848
36: 00007FF694F31BD0 
41: 00007FF6943951B8 RSA_meth_get_flags+139384
37: 00007FF694F31BD0 
48: 00007FF694F31BD0 v8::PropertyDescriptor::writable+92848
42: 00007FF694579B6D uv_poll_stop+237
49: 00007FF694F31BD0 v8::PropertyDescriptor::writable+92848
43: 00007FF695715180 inflateValidate+153328
38: 00007FF694F31BD0 
50: 00007FF694F31BD0 v8::PropertyDescriptor::writable+92848
39: 00007FF694F31BD0 
44: 00007FFAE21FE957 BaseThreadInitThunk+23
51: 00007FF615117F4F 
40: 00007FF694F31BD0 
45: 00007FFAE3F0427C RtlUserThreadStart+44
41: 00007FF615117F4F 

#
# Fatal javascript OOM in MemoryChunk allocation failed during deserialization.
#


<--- Last few GCs --->


<--- JS stacktrace --->

FATAL ERROR: Committing semi space failed. Allocation failed - JavaScript heap out of memory
----- Native stack trace -----

 1: 00007FF6945271AB 
 2: 00007FF69449DCC6 
 3: 00007FF69449FED5 
 4: 00007FF694F0F061 
 5: 00007FF694EF87F8 
 6: 00007FF694D5A120 
 7: 00007FF694D11F23 
 8: 00007FF694D637E0 
 9: 00007FF694D56E40 
10: 00007FF694D6C4BA 
11: 00007FF694D6CD37 
12: 00007FF694D7596E 
13: 00007FF694D89BF4 
14: 00007FF694B291A7 
15: 00007FF694B2912E 
16: 00007FF694B42C06 
17: 00007FF694B438B4 
18: 00007FF694B4787F 
19: 00007FF694B503F2 
20: 00007FF694B25CC0 
21: 00007FF694B3A854 
22: 00007FF694CE2B23 
23: 00007FF694CE10B9 
24: 00007FF694FC062E 
25: 00007FF69508B63A 
26: 00007FF694F31BD0 
27: 00007FF694F31BD0 
28: 00007FF694F31BD0 
29: 00007FF694F31BD0 
30: 00007FF694F31BD0 
31: 00007FF694F2FF90 
32: 00007FF694F2FB8B 
33: 00007FF694DDA388 
34: 00007FF694DD9C83 
35: 00007FF694EEE32B 
36: 00007FF6944BE3BA 
37: 00007FF6944187AE 
38: 00007FF69441C473 
39: 00007FF694558887 
40: 00007FF694399894 
41: 00007FF6943951B8 
42: 00007FF694579B6D 
43: 00007FF695715180 
44: 00007FFAE21FE957 
45: 00007FFAE3F0427C 

<--- Last few GCs --->

[38680:0000023C7E470080]     3419 ms: Scavenge 4.9 (6.3) -> 4.7 (6.0) MB, 1.11 / 0.00 ms  (average mu = 1.000, current mu = 1.000) allocation failure; 
[38680:0000023C7E470080]     5447 ms: Scavenge 6.4 (6.8) -> 5.5 (7.0) MB, 2024.96 / 0.00 ms  (average mu = 1.000, current mu = 1.000) allocation failure; 
[38680:0000023C7E470080]     5455 ms: Scavenge 5.7 (7.0) -> 5.3 (7.3) MB, 0.77 / 0.00 ms  (average mu = 1.000, current mu = 1.000) allocation failure; 


<--- JS stacktrace --->

FATAL ERROR: Zone Allocation failed - process out of memory
----- Native stack trace -----

 1: 00007FF6945271AB 
 2: 00007FF69449DCC6 
 3: 00007FF69449FED5 
 4: 00007FF694F0F061 
 5: 00007FF694EF87F8 
 6: 00007FF6949DAF54 
 7: 00007FF694801B50 
 8: 00007FF694801C12 
 9: 00007FF694A7E758 
10: 00007FF694A7EC7B 
11: 00007FF694A6D869 
12: 00007FF694A6C3BB 
13: 00007FF694A6B7B9 
14: 00007FF694A6D320 
15: 00007FF694A6C2E1 
16: 00007FF694A6B7B9 
17: 00007FF694A6B938 
18: 00007FF694A6D320 
19: 00007FF694A6C2E1 
20: 00007FF694A6FCA7 
21: 00007FF694A6B8B1 
22: 00007FF694A6B7B9 
23: 00007FF694A6BDD2 
24: 00007FF694A6D320 
25: 00007FF694A6C2E1 
26: 00007FF694A6B7B9 
27: 00007FF694A6B7B9 
28: 00007FF694A6D320 
29: 00007FF694A6C2E1 
30: 00007FF694A6A147 
31: 00007FF694A4D9F6 
32: 00007FF694A4DEC9 
33: 00007FF694A4E578 
34: 00007FF694A4F50B 
35: 00007FF694A4F03D 
36: 00007FF694A4EA37 
37: 00007FF694A2AB52 
38: 00007FF694FC062E 
39: 00007FF69502BD81 
40: 00007FF694F31BD0 
41: 00007FF694F31BD0 
42: 00007FF694F31BD0 
43: 00007FF694F31BD0 
44: 00007FF694F31BD0 
45: 00007FF694F31BD0 
46: 00007FF694F31BD0 
47: 00007FF694F31BD0 
48: 00007FF694F31BD0 
49: 00007FF615117F4F 

thread 'tokio-runtime-worker' (17336) panicked at C:\Users\Administrator\.cargo\registry\src\index.crates.io-1949cf8c6b5b557f\tokio-1.43.0\src\io\blocking.rs:76:46:
OS can't spawn worker thread: The paging file is too small for this operation to complete. (os error 1455)
note: run with `RUST_BACKTRACE=1` environment variable to display a backtrace

thread 'tokio-runtime-worker' (39572) panicked at C:\Users\Administrator\.cargo\registry\src\index.crates.io-1949cf8c6b5b557f\tokio-1.43.0\src\io\blocking.rs:76:46:
OS can't spawn worker thread: The paging file is too small for this operation to complete. (os error 1455)


<--- Last few GCs --->
<--- Last few GCs --->

thread 'tokio-runtime-worker' (34492) panicked at C:\Users\Administrator\.cargo\registry\src\index.crates.io-1949cf8c6b5b557f\tokio-1.43.0\src\io\blocking.rs:124:46:
OS can't spawn worker thread: Insufficient system resources exist to complete the requested service. (os error 1450)


[22096:000001F673B20080]      818 ms: Scavenge 4.9 (6.3) -> 4.8 (7.0) MB, 2.73 / 0.00 ms  (average mu = 1.000, current mu = 1.000) allocation failure; 
<--- Last few GCs --->
[22096:000001F673B20080]      835 ms: Scavenge 6.4 (7.8) -> 5.5 (9.3) MB, 3.66 / 0.00 ms  (average mu = 1.000, current mu = 1.000) allocation failure; 

[22096:000001F673B20080]     2167 ms: Scavenge 7.8 (9.9) -> 6.8 (10.7) MB, 4.91 / 0.00 ms  (average mu = 1.000, current mu = 1.000) allocation failure; 
[56540:000002AD4B845FB0]     1084 ms: Scavenge 4.9 (6.3) -> 4.7 (7.0) MB, 4.27 / 0.00 ms  (average mu = 1.000, current mu = 1.000) allocation failure; 

[56540:000002AD4B845FB0]     1101 ms: Scavenge 6.4 (7.8) -> 5.5 (9.3) MB, 2.39 / 0.00 ms  (average mu = 1.000, current mu = 1.000) allocation failure; 
[56540:000002AD4B845FB0]     2730 ms: Scavenge 7.7 (9.9) -> 6.8 (10.4) MB, 3.16 / 0.00 ms  (average mu = 1.000, current mu = 1.000) allocation failure; 


<--- JS stacktrace --->


<--- JS stacktrace --->


FATAL ERROR: Zone Allocation failed - process out of memory

<--- Last few GCs --->

----- Native stack trace -----
FATAL ERROR: Zone Allocation failed - process out of memory

----- Native stack trace -----
#

[49852:0000021355010080]     1231 ms: Scavenge 6.4 (7.8) -> 5.5 (9.5) MB, 2.94 / 0.00 ms  (average mu = 1.000, current mu = 1.000) allocation failure; 
# Fatal error in , line 0

[49852:0000021355010080]     2254 ms: Scavenge 7.8 (9.9) -> 6.8 (10.4) MB, 4.61 / 0.00 ms  (average mu = 1.000, current mu = 1.000) allocation failure; 
# Fatal process out of memory: Zone
[49852:0000021355010080]     4065 ms: Scavenge 9.0 (11.2) -> 8.2 (16.4) MB, 5.19 / 0.00 ms  (average mu = 1.000, current mu = 1.000) allocation failure; 
#

#
#

#FailureMessage Object: 00000020C85F5640
<--- JS stacktrace --->
----- Native stack trace -----


FATAL ERROR: NewSpace::EnsureCurrentCapacity Allocation failed - JavaScript heap out of memory
----- Native stack trace -----


<--- Last few GCs --->

[44912:000001DEA5070080]     1476 ms: Scavenge 6.4 (7.8) -> 5.4 (9.0) MB, 112.99 / 0.00 ms  (average mu = 1.000, current mu = 1.000) allocation failure; 
[44912:000001DEA5070080]     2316 ms: Scavenge 7.8 (9.9) -> 6.8 (10.7) MB, 70.05 / 0.00 ms  (average mu = 1.000, current mu = 1.000) allocation failure; 
[44912:000001DEA5070080]    12980 ms: Scavenge 9.0 (11.2) -> 8.2 (11.9) MB, 0.83 / 0.00 ms  (average mu = 1.000, current mu = 1.000) allocation failure; 


<--- JS stacktrace --->

FATAL ERROR: NewSpace::EnsureCurrentCapacity Allocation failed - JavaScript heap out of memory
----- Native stack trace -----



#
# Fatal error in , line 0
# Fatal process out of memory: Zone
#
#
#
#FailureMessage Object: 000000C1E31F5D50
----- Native stack trace -----


<--- Last few GCs --->

[27652:0000029D9C4C0080]     2294 ms: Scavenge 4.8 (6.3) -> 4.8 (6.0) MB, 2.51 / 0.00 ms  (average mu = 1.000, current mu = 1.000) allocation failure; 
[27652:0000029D9C4C0080]     2376 ms: Scavenge 6.4 (6.8) -> 5.5 (9.0) MB, 4.01 / 0.00 ms  (average mu = 1.000, current mu = 1.000) allocation failure; 
[27652:0000029D9C4C0080]    11957 ms: Scavenge 7.8 (9.9) -> 6.8 (7.7) MB, 0.67 / 0.00 ms  (average mu = 1.000, current mu = 1.000) allocation failure; 


<--- JS stacktrace --->

FATAL ERROR: Committing semi space failed. Allocation failed - JavaScript heap out of memory
----- Native stack trace -----


<--- Last few GCs --->

[12840:0000025F4D0D0080]     2271 ms: Scavenge 4.9 (6.3) -> 4.7 (6.0) MB, 3.00 / 0.00 ms  (average mu = 1.000, current mu = 1.000) allocation failure; 
[12840:0000025F4D0D0080]     2347 ms: Scavenge 6.4 (6.8) -> 5.5 (9.3) MB, 3.97 / 0.00 ms  (average mu = 1.000, current mu = 1.000) allocation failure; 
[12840:0000025F4D0D0080]    12928 ms: Scavenge 7.0 (9.3) -> 6.1 (7.0) MB, 3042.01 / 0.00 ms  (average mu = 1.000, current mu = 1.000) allocation failure; 


<--- JS stacktrace --->



<--- Last few GCs --->
<--- Last few GCs --->

FATAL ERROR: Committing semi space failed. Allocation failed - JavaScript heap out of memory


<--- Last few GCs --->
----- Native stack trace -----
[43812:000001D2033C0080]     2161 ms: Scavenge 7.8 (9.9) -> 6.8 (10.4) MB, 4.27 / 0.00 ms  (average mu = 1.000, current mu = 1.000) allocation failure; 
[42976:000002B0F5870080]     2043 ms: Scavenge 4.9 (6.3) -> 4.8 (6.0) MB, 2.60 / 0.00 ms  (average mu = 1.000, current mu = 1.000) allocation failure; 


[43812:000001D2033C0080]     8841 ms: Scavenge 9.0 (11.2) -> 8.2 (12.2) MB, 1005.15 / 0.00 ms  (average mu = 1.000, current mu = 1.000) allocation failure; 
[42976:000002B0F5870080]     2118 ms: Scavenge 6.4 (6.8) -> 5.5 (9.5) MB, 4.46 / 0.00 ms  (average mu = 1.000, current mu = 1.000) allocation failure; 
[8592:000001E3B9600080]     1242 ms: Scavenge 4.9 (6.3) -> 4.8 (6.0) MB, 4.34 / 0.00 ms  (average mu = 1.000, current mu = 1.000) allocation failure; 
[43812:000001D2033C0080]    14910 ms: Scavenge 10.0 (12.4) -> 9.2 (10.7) MB, 3026.42 / 0.00 ms  (average mu = 1.000, current mu = 1.000) allocation failure; 
[42976:000002B0F5870080]    14706 ms: Scavenge 7.8 (9.9) -> 6.8 (7.7) MB, 4035.85 / 0.00 ms  (average mu = 1.000, current mu = 1.000) allocation failure; 
[8592:000001E3B9600080]     1324 ms: Scavenge 6.4 (6.8) -> 5.5 (9.3) MB, 4.28 / 0.00 ms  (average mu = 1.000, current mu = 1.000) allocation failure; 




[8592:000001E3B9600080]    12915 ms: Scavenge 7.0 (9.3) -> 6.2 (7.0) MB, 6051.88 / 0.00 ms  (average mu = 1.000, current mu = 1.000) allocation failure; 
<--- Last few GCs --->
<--- Last few GCs --->





<--- JS stacktrace --->
<--- JS stacktrace --->

[39312:000002C99AF40080]     2044 ms: Scavenge 7.8 (9.9) -> 6.8 (10.4) MB, 4.39 / 0.00 ms  (average mu = 1.000, current mu = 1.000) allocation failure; 
[59304:000001F0206D0080]    10823 ms: Scavenge 7.7 (9.9) -> 6.8 (7.7) MB, 2037.38 / 0.00 ms  (average mu = 1.000, current mu = 1.000) allocation failure; 


<--- JS stacktrace --->
[39312:000002C99AF40080]    12639 ms: Scavenge 9.0 (11.2) -> 8.2 (12.2) MB, 3019.00 / 0.00 ms  (average mu = 1.000, current mu = 1.000) allocation failure; 
[59304:000001F0206D0080]    15910 ms: Scavenge 7.8 (7.9) -> 7.3 (10.2) MB, 2011.12 / 0.00 ms  (average mu = 1.000, current mu = 1.000) allocation failure; 
FATAL ERROR: Committing semi space failed. Allocation failed - JavaScript heap out of memory
FATAL ERROR: Committing semi space failed. Allocation failed - JavaScript heap out of memory

[39312:000002C99AF40080]    17844 ms: Scavenge 9.9 (12.4) -> 9.1 (10.4) MB, 5052.82 / 0.00 ms  (average mu = 1.000, current mu = 1.000) allocation failure; 
[59304:000001F0206D0080]    18953 ms: Scavenge 8.8 (10.4) -> 8.3 (9.4) MB, 0.51 / 0.00 ms  (average mu = 1.000, current mu = 1.000) allocation failure; 
----- Native stack trace -----
----- Native stack trace -----
FATAL ERROR: Committing semi space failed. Allocation failed - JavaScript heap out of memory




----- Native stack trace -----



<--- JS stacktrace --->
<--- JS stacktrace --->


FATAL ERROR: Committing semi space failed. Allocation failed - JavaScript heap out of memory
FATAL ERROR: Committing semi space failed. Allocation failed - JavaScript heap out of memory

----- Native stack trace -----
----- Native stack trace -----
<--- Last few GCs --->



[47516:000001A944B44D10]     2612 ms: Scavenge 7.7 (9.9) -> 6.8 (10.4) MB, 3.90 / 0.00 ms  (average mu = 1.000, current mu = 1.000) allocation failure; 
[47516:000001A944B44D10]    10267 ms: Scavenge 7.8 (10.7) -> 7.3 (11.4) MB, 2017.15 / 0.00 ms  (average mu = 1.000, current mu = 1.000) allocation failure; 
[47516:000001A944B44D10]    14542 ms: Scavenge 10.0 (12.2) -> 9.1 (10.7) MB, 3024.57 / 0.00 ms  (average mu = 1.000, current mu = 1.000) allocation failure; 


<--- JS stacktrace --->

FATAL ERROR: Committing semi space failed. Allocation failed - JavaScript heap out of memory


----- Native stack trace -----
<--- Last few GCs --->
<--- Last few GCs --->



[37632:0000010FA8200080]     1444 ms: Scavenge 6.4 (6.8) -> 5.5 (9.5) MB, 4.21 / 0.00 ms  (average mu = 1.000, current mu = 1.000) allocation failure; 
[8168:000002A73C5E0080]     1236 ms: Scavenge 4.9 (6.3) -> 4.8 (7.0) MB, 2.96 / 0.00 ms  (average mu = 1.000, current mu = 1.000) allocation failure; 
[37632:0000010FA8200080]     2014 ms: Scavenge 7.8 (9.9) -> 6.8 (10.4) MB, 2.87 / 0.00 ms  (average mu = 1.000, current mu = 1.000) allocation failure; 
[8168:000002A73C5E0080]     1255 ms: Scavenge 6.4 (7.8) -> 5.4 (9.5) MB, 4.14 / 0.00 ms  (average mu = 1.000, current mu = 1.000) allocation failure; 

[37632:0000010FA8200080]    17942 ms: Scavenge 9.0 (11.2) -> 8.2 (12.2) MB, 6048.63 / 0.00 ms  (average mu = 1.000, current mu = 1.000) allocation failure; 
[8168:000002A73C5E0080]    15936 ms: Scavenge 7.7 (9.9) -> 6.8 (7.9) MB, 5039.62 / 0.00 ms  (average mu = 1.000, current mu = 1.000) allocation failure; 
<--- Last few GCs --->




[13712:0000020562410080]     2040 ms: Scavenge 7.7 (9.9) -> 6.8 (10.4) MB, 118.36 / 0.00 ms  (average mu = 1.000, current mu = 1.000) allocation failure; 

<--- JS stacktrace --->
[13712:0000020562410080]    12541 ms: Scavenge 9.0 (11.2) -> 8.2 (12.2) MB, 8077.99 / 0.00 ms  (average mu = 1.000, current mu = 1.000) allocation failure; 
<--- JS stacktrace --->

[13712:0000020562410080]    19745 ms: Scavenge 10.0 (12.4) -> 9.3 (10.7) MB, 5046.87 / 0.00 ms  (average mu = 1.000, current mu = 1.000) allocation failure; 
FATAL ERROR: Committing semi space failed. Allocation failed - JavaScript heap out of memory


FATAL ERROR: NewSpace::EnsureCurrentCapacity Allocation failed - JavaScript heap out of memory
----- Native stack trace -----

----- Native stack trace -----

<--- JS stacktrace --->


 1: 00007FF6945271AB 
FATAL ERROR: Committing semi space failed. Allocation failed - JavaScript heap out of memory
 2: 00007FF69449DCC6 
----- Native stack trace -----
 3: 00007FF69449FED5 

 4: 00007FF694F0F061 
 5: 00007FF694EF87F8 
 6: 00007FF694D5A120 
 7: 00007FF694D33620 
 8: 00007FF694D60D6A 
 9: 00007FF694D6382C 
10: 00007FF694D56E40 
11: 00007FF694D6C4BA 
12: 00007FF694D762B4 
13: 00007FF694D84991 
14: 00007FF694EC957C 
15: 00007FF694EC8B49 
16: 00007FF694E64DC2 
17: 00007FF694ED3479 
18: 00007FF694DAF764 
19: 00007FF694A3B497 
20: 00007FF694A3C009 
21: 00007FF694FC062E 
22: 00007FF695083E98 
23: 00007FF694F31BD0 
24: 00007FF694F31BD0 
25: 00007FF61513705F 
 1: 00007FF6945271AB node::SetCppgcReference+16075

<--- Last few GCs --->
 2: 00007FF69449DCC6 v8::base::CPU::num_virtual_address_bits+79190

 3: 00007FF69449FED5 v8::base::CPU::num_virtual_address_bits+87909
[5620:000001F4DAB40080]     1383 ms: Scavenge 4.9 (6.3) -> 4.8 (7.0) MB, 2.80 / 0.00 ms  (average mu = 1.000, current mu = 1.000) allocation failure; 
 4: 00007FF694F0F061 v8::Isolate::ReportExternalAllocationLimitReached+65
[5620:000001F4DAB40080]     1461 ms: Scavenge 6.4 (7.8) -> 5.5 (9.3) MB, 2.63 / 0.00 ms  (average mu = 1.000, current mu = 1.000) allocation failure; 
 5: 00007FF694EF87F8 v8::Function::Experimental_IsNopFunction+1336
[5620:000001F4DAB40080]    25181 ms: Scavenge 7.7 (9.9) -> 6.8 (7.9) MB, 15156.69 / 0.00 ms  (average mu = 1.000, current mu = 1.000) allocation failure; 
 6: 00007FF6949DAF54 v8::SnapshotCreator::GetIsolate+53284

 7: 00007FF694ACEB2D v8::base::Thread::StartSynchronously+160493
 8: 00007FF694AE0091 v8::base::Thread::StartSynchronously+231505
 9: 00007FF694AD4850 v8::base::Thread::StartSynchronously+184336

10: 00007FF694AE8338 v8::base::Thread::StartSynchronously+264952
<--- JS stacktrace --->
11: 00007FF694AE8812 v8::base::Thread::StartSynchronously+266194

12: 00007FF694ADD91A v8::base::Thread::StartSynchronously+221402
FATAL ERROR: Committing semi space failed. Allocation failed - JavaScript heap out of memory
13: 00007FF694ADC993 v8::base::Thread::StartSynchronously+217427
----- Native stack trace -----
14: 00007FF694ADE1A4 v8::base::Thread::StartSynchronously+223588

15: 00007FF694ACF0D9 v8::base::Thread::StartSynchronously+161945
16: 00007FF694AE341F v8::base::Thread::StartSynchronously+244703
17: 00007FF694AC8B82 v8::base::Thread::StartSynchronously+136002
18: 00007FF694E651BB v8::SharedValueConveyor::SharedValueConveyor+22075
19: 00007FF694E6A7EB v8::SharedValueConveyor::SharedValueConveyor+44139
20: 00007FF694EF279C v8::ScriptCompiler::CompileFunctionInternal+1260
21: 00007FF694EF22A4 v8::ScriptCompiler::CompileFunction+84
22: 00007FF6944C0ACE node::OnFatalError+134126
23: 00007FF6944C0517 node::OnFatalError+132663
24: 00007FF6944BE541 node::OnFatalError+124513
25: 00007FF694EC558E v8::SharedValueConveyor::SharedValueConveyor+416270
26: 00007FF694EC518A v8::SharedValueConveyor::SharedValueConveyor+415242
27: 00007FF694EC544F v8::SharedValueConveyor::SharedValueConveyor+415951
28: 00007FF694EC52C0 v8::SharedValueConveyor::SharedValueConveyor+415552
29: 00007FF694FC052E v8::PropertyDescriptor::writable+676878
30: 00007FF615104126 


#
# Fatal error in , line 0
# Fatal process out of memory: Zone
#
#
#
#FailureMessage Object: 000000D8EF3F5D70
----- Native stack trace -----

 1: 00007FF6945271AB 
 2: 00007FF69442649F 
 3: 00007FF6952F2E72 
 4: 00007FF694EF8603 
 5: 00007FF6949DAF54 
 6: 00007FF69542FB85 
 7: 00007FF695430129 
 8: 00007FF69542F01B 
 9: 00007FF69542ECD0 
10: 00007FF695404BC7 
11: 00007FF6953B9C11 
12: 00007FF6954047D4 
13: 00007FF695404F46 
14: 00007FF695404C52 
15: 00007FF6953BB9ED 
16: 00007FF6953B7EA5 
17: 00007FF6953B394A 
18: 00007FF694E66E11 
19: 00007FF694E33D31 
20: 00007FF694428F4D 
21: 00007FF694579B6D 
22: 00007FF695715180 
23: 00007FFAE21FE957 
24: 00007FFAE3F0427C 
 1: 00007FF6945271AB 
 2: 00007FF69442649F 
 3: 00007FF6952F2E72 
 4: 00007FF694EF8603 
 5: 00007FF6949DAF54 
 6: 00007FF695407586 
 7: 00007FF695408A6E 
 8: 00007FF695408120 
 9: 00007FF69541673C 
10: 00007FF695409A90 
11: 00007FF6953B1FA2 
12: 00007FF6953BE531 
13: 00007FF6953B89BF 
14: 00007FF6953B394A 
15: 00007FF694E66E11 
16: 00007FF694E33D31 
17: 00007FF694428F4D 
18: 00007FF694579B6D 
19: 00007FF695715180 
20: 00007FFAE21FE957 BaseThreadInitThunk+23
21: 00007FFAE3F0427C 
 1: 00007FF6945271AB node::SetCppgcReference+16075
 1: 00007FF6945271AB 
 2: 00007FF69449DCC6 
 3: 00007FF69449FED5 
 4: 00007FF694F0F061 
 5: 00007FF694EF87F8 
 6: 00007FF694D5A120 
 7: 00007FF694D33620 
 8: 00007FF694D60D6A 
 9: 00007FF694D6382C 
10: 00007FF694D56E40 
11: 00007FF694D6C4BA 
12: 00007FF694D762B4 
13: 00007FF694D84991 
14: 00007FF694EC957C 
15: 00007FF694EC8B49 
16: 00007FF694E64DC2 
17: 00007FF694ED3479 
18: 00007FF694DAF764 
19: 00007FF694A3B497 
20: 00007FF694A3C009 
21: 00007FF694FC062E 
22: 00007FF695083E98 
23: 00007FF694F31BD0 
24: 00007FF694F31BD0 
25: 00007FF61513705F 
 1: 00007FF6945271AB 
 2: 00007FF69449DCC6 
 3: 00007FF69449FED5 
 4: 00007FF694F0F061 
 5: 00007FF694EF87F8 
 6: 00007FF694D5A120 
 7: 00007FF694D11F23 
 8: 00007FF694D637E0 
 9: 00007FF694D56E40 
10: 00007FF694D6C4BA 
11: 00007FF694D6CD37 
12: 00007FF694D7B62F 
13: 00007FF694A3BBE5 
14: 00007FF694FC062E 
15: 00007FF695035BE9 
16: 00007FF695035F8E 
17: 00007FF694F31BD0 
18: 00007FF694F31BD0 
19: 00007FF61513EA23 
 2: 00007FF69449DCC6 v8::base::CPU::num_virtual_address_bits+79190
 3: 00007FF69449FED5 v8::base::CPU::num_virtual_address_bits+87909
 4: 00007FF694F0F061 v8::Isolate::ReportExternalAllocationLimitReached+65
 5: 00007FF694EF87F8 v8::Function::Experimental_IsNopFunction+1336
 6: 00007FF694D5A120 v8::Platform::SystemClockTimeMillis+659328
 7: 00007FF694D33620 v8::Platform::SystemClockTimeMillis+500864
 8: 00007FF694D60D6A v8::Platform::SystemClockTimeMillis+687050
 9: 00007FF694D6382C v8::Platform::SystemClockTimeMillis+697996
10: 00007FF694D56E40 v8::Platform::SystemClockTimeMillis+646304
11: 00007FF694D6C4BA v8::Platform::SystemClockTimeMillis+733978
12: 00007FF694D762B4 v8::Platform::SystemClockTimeMillis+774420
13: 00007FF694D84991 v8::Platform::SystemClockTimeMillis+833521
14: 00007FF694EC957C v8::SharedValueConveyor::SharedValueConveyor+432636
15: 00007FF694EC8B49 v8::SharedValueConveyor::SharedValueConveyor+430025
16: 00007FF694E64DC2 v8::SharedValueConveyor::SharedValueConveyor+21058
17: 00007FF694ED3479 v8::SharedValueConveyor::SharedValueConveyor+473337
18: 00007FF694DAF764 v8::Locker::IsLocked+2868
19: 00007FF694A3B497 v8::CodeEvent::GetFunctionName+114903
20: 00007FF694A3C009 v8::CodeEvent::GetFunctionName+117833
21: 00007FF694FC062E v8::PropertyDescriptor::writable+677134
22: 00007FF695083E98 v8::PropertyDescriptor::writable+1478008
23: 00007FF694F31BD0 v8::PropertyDescriptor::writable+92848
24: 00007FF694F31BD0 v8::PropertyDescriptor::writable+92848
25: 00007FF61513705F 
 1: 00007FF6945271AB 
 1: 00007FF6945271AB 
 1: 00007FF6945271AB 
 1: 00007FF6945271AB 
 1: 00007FF6945271AB 
 1: 00007FF6945271AB 
 1: 00007FF6945271AB 
 1: 00007FF6945271AB 
 1: 00007FF6945271AB node::SetCppgcReference+16075
 1: 00007FF6945271AB 
 1: 00007FF6945271AB 
 1: 00007FF6945271AB 
 2: 00007FF69449DCC6 
 3: 00007FF69449FED5 
 2: 00007FF69449DCC6 
 2: 00007FF69449DCC6 
 2: 00007FF69449DCC6 
 2: 00007FF69449DCC6 
 2: 00007FF69449DCC6 
 2: 00007FF69442649F 
 2: 00007FF69449DCC6 
 2: 00007FF69449DCC6 
 2: 00007FF69449DCC6 v8::base::CPU::num_virtual_address_bits+79190
 2: 00007FF69449DCC6 
 2: 00007FF69449DCC6 
 4: 00007FF694F0F061 
 3: 00007FF69449FED5 
 3: 00007FF69449FED5 
 3: 00007FF69449FED5 
 3: 00007FF69449FED5 
 3: 00007FF6952F2E72 
 3: 00007FF69449FED5 
 3: 00007FF69449FED5 
 4: 00007FF694F0F061 
 3: 00007FF69449FED5 
 4: 00007FF694F0F061 
 3: 00007FF69449FED5 v8::base::CPU::num_virtual_address_bits+87909
 3: 00007FF69449FED5 
 5: 00007FF694EF87F8 
 4: 00007FF694F0F061 
 3: 00007FF69449FED5 
 4: 00007FF694F0F061 
 4: 00007FF694F0F061 
 4: 00007FF694EF8603 
 4: 00007FF694F0F061 
 4: 00007FF694F0F061 
 4: 00007FF694F0F061 
 4: 00007FF694F0F061 v8::Isolate::ReportExternalAllocationLimitReached+65
 4: 00007FF694F0F061 
 5: 00007FF694EF87F8 
 5: 00007FF694EF87F8 
 6: 00007FF6949DAF54 
 5: 00007FF694EF87F8 
 5: 00007FF6949DAF54 
 5: 00007FF694EF87F8 
 5: 00007FF694EF87F8 
 5: 00007FF694EF87F8 
 5: 00007FF694EF87F8 
 5: 00007FF694EF87F8 v8::Function::Experimental_IsNopFunction+1336
 5: 00007FF694EF87F8 
 5: 00007FF694EF87F8 
 7: 00007FF694BFA739 
 6: 00007FF694D5A120 
 6: 00007FF694D5A120 
 6: 00007FF694D5A120 
 6: 00007FF694D5A120 
 6: 00007FF694D5A120 
 6: 00007FF6953824D3 
 6: 00007FF694D5A120 
 6: 00007FF694D5A120 
 6: 00007FF694D5A120 v8::Platform::SystemClockTimeMillis+659328
 6: 00007FF694D5A120 
 6: 00007FF694D5A120 
 8: 00007FF694CA74D6 
 7: 00007FF694D11F23 
 7: 00007FF694D11F23 
 7: 00007FF694D11F23 
 7: 00007FF694D11F23 
 7: 00007FF694D11F23 
 7: 00007FF6953820F1 
 7: 00007FF694D11F23 
 7: 00007FF694D11F23 
 7: 00007FF694D11F23 v8::Platform::SystemClockTimeMillis+363907
 7: 00007FF694D11F23 
 7: 00007FF694D11F23 
 9: 00007FF694CA7958 
 8: 00007FF694D637E0 
 8: 00007FF694D637E0 
 8: 00007FF694D637E0 
 8: 00007FF694D637E0 
 8: 00007FF694D637E0 
 8: 00007FF6953827BD 
 8: 00007FF694D637E0 
 8: 00007FF694D637E0 
 8: 00007FF694D637E0 v8::Platform::SystemClockTimeMillis+697920
 8: 00007FF694D637E0 
 8: 00007FF694D637E0 
10: 00007FF694CB4844 
 9: 00007FF694D56E40 
 9: 00007FF694D56E40 
 9: 00007FF694D56E40 
 9: 00007FF694D56E40 
 9: 00007FF694D56E40 
 9: 00007FF6954354D0 
 9: 00007FF694D56E40 
 9: 00007FF694D56E40 
 9: 00007FF694D56E40 v8::Platform::SystemClockTimeMillis+646304
 9: 00007FF694D56E40 
 9: 00007FF694D56E40 
11: 00007FF694C96E98 
10: 00007FF694D6C4BA 
10: 00007FF694D6C4BA 
10: 00007FF694D6C4BA 
10: 00007FF694D6C4BA 
10: 00007FF6954396CA 
10: 00007FF694D6C4BA 
10: 00007FF694D6C4BA 
10: 00007FF694D6C4BA 
12: 00007FF694CA091C 
11: 00007FF694D6CD37 
10: 00007FF694D6C4BA v8::Platform::SystemClockTimeMillis+733978
10: 00007FF694D6C4BA 
11: 00007FF694D6CD37 
11: 00007FF694D6CD37 
11: 00007FF694D6CD37 
10: 00007FF694D6C4BA 
11: 00007FF694D6CD37 
11: 00007FF695434B79 
11: 00007FF694D6CD37 
11: 00007FF694D6CD37 
11: 00007FF694D6CD37 v8::Platform::SystemClockTimeMillis+736151
11: 00007FF694D6CD37 
11: 00007FF694D6CD37 
13: 00007FF694C9979A 
12: 00007FF694D7596E 
12: 00007FF694D7596E 
12: 00007FF694D7EFE7 
12: 00007FF694D7596E 
12: 00007FF695432BF3 
12: 00007FF694D7596E 
12: 00007FF694D7596E 
13: 00007FF694D862B6 
13: 00007FF694B46508 
12: 00007FF694D7596E 
12: 00007FF694D7596E v8::Platform::SystemClockTimeMillis+772046
13: 00007FF694D89BF4 
13: 00007FF694D8B86E 
14: 00007FF694C9CA1B 
12: 00007FF694D7596E 
12: 00007FF694D7EFE7 
13: 00007FF694D8B1FC 
13: 00007FF694D862B6 
13: 00007FF6953BAC74 
13: 00007FF694B46508 
13: 00007FF694D862B6 v8::Platform::SystemClockTimeMillis+839958
13: 00007FF694D862B6 
15: 00007FF694CA1631 
14: 00007FF694D8AE88 
13: 00007FF694D864BA 
14: 00007FF6953B2D2F 
14: 00007FF694B43473 
14: 00007FF694B132B9 
14: 00007FF694D80C5F 
14: 00007FF694D8AE88 
14: 00007FF694D8AE88 v8::Platform::SystemClockTimeMillis+859368
14: 00007FF694D8AF88 
14: 00007FF694B291A7 
16: 00007FF694CA00E3 
15: 00007FF694D751DB 
14: 00007FF694D8AE88 
14: 00007FF694B42EC4 
15: 00007FF694ED581A 
15: 00007FF694B46BD1 
15: 00007FF694D751DB 
15: 00007FF694B2912E 
15: 00007FF6953B3925 
15: 00007FF694AF8BC1 
15: 00007FF694B461B2 
15: 00007FF694D751DB v8::Platform::SystemClockTimeMillis+770107
15: 00007FF694B0261A 
15: 00007FF694D75211 
17: 00007FF694C9979A 
16: 00007FF694D817F4 
16: 00007FF694B42BD9 
16: 00007FF694D817F4 
16: 00007FF694B43DED 
16: 00007FF694ED584F 
16: 00007FF694E66E11 
16: 00007FF694F1C951 
16: 00007FF694BA90B6 
16: 00007FF694B01EB9 
16: 00007FF694D817F4 v8::Platform::SystemClockTimeMillis+820820
16: 00007FF694D817F4 
18: 00007FF694C9CA1B 
17: 00007FF694F0B309 
17: 00007FF694F0B309 
17: 00007FF694E33D31 
17: 00007FF694F1D90E 
18: 00007FF69449318C 
17: 00007FF694B438B4 
17: 00007FF694F0B309 v8::String::NewFromUtf8+153
17: 00007FF694B46C8A 
17: 00007FF694A20397 
17: 00007FF694BA94A4 
17: 00007FF694F0B309 
19: 00007FF694CA2362 
17: 00007FF694ED56AF 
18: 00007FF694E604E2 
18: 00007FF694B4787F 
18: 00007FF69449318C 
18: 00007FF694B42BD9 
18: 00007FF694428F4D 
18: 00007FF694F1D044 
18: 00007FF694F1DF38 
18: 00007FF69449318C v8::base::CPU::num_virtual_address_bits+35356
18: 00007FF694FC062E 
19: 00007FF694EC558E 
19: 00007FF694E654CF 
18: 00007FF69449318C 
19: 00007FF694B503F2 
19: 00007FF694EC558E 
19: 00007FF694B43403 
20: 00007FF694CA00E3 
19: 00007FF694F1BD1E 
19: 00007FF694F1D7AE 
19: 00007FF694EC558E v8::SharedValueConveyor::SharedValueConveyor+416270
19: 00007FF694F8BC70 
19: 00007FF694579B6D 
19: 00007FF694EC558E 
21: 00007FF694C9979A 
20: 00007FF694EC518A 
20: 00007FF694E6A7EB 
20: 00007FF694B476BB 
20: 00007FF695715180 
20: 00007FF694B25CC0 
20: 00007FF694F1DF4B 
20: 00007FF694EC518A 
20: 00007FF694F1D5A7 
20: 00007FF694EC518A v8::SharedValueConveyor::SharedValueConveyor+415242
20: 00007FF694F8DB37 
20: 00007FF694EC518A 
22: 00007FF694C9993F 
21: 00007FF694EC544F 
21: 00007FF694EF279C 
21: 00007FF694B9D941 
21: 00007FF694EC544F 
21: 00007FFAE21FE957 BaseThreadInitThunk+23
21: 00007FF694B510D0 
21: 00007FF694F1D7AE 
21: 00007FF694F1DBB4 
21: 00007FF694EC544F v8::SharedValueConveyor::SharedValueConveyor+415951
21: 00007FF61510D1E4 
21: 00007FF694EC544F 
23: 00007FF694C9A577 
22: 00007FF694EC52C0 
22: 00007FF694EF22A4 
22: 00007FF694BABB91 
22: 00007FF694EC52C0 
22: 00007FF694B9D55B 
22: 00007FFAE3F0427C 
22: 00007FF694F1D5A7 
22: 00007FF694EFBD66 
22: 00007FF694EC52C0 v8::SharedValueConveyor::SharedValueConveyor+415552
22: 00007FF694EC52C0 
24: 00007FF694CA02C9 
23: 00007FF694FC052E 
23: 00007FF694FC052E 
23: 00007FF6944C0ACE 
23: 00007FF694BADABA 
23: 00007FF694A386B6 
23: 00007FF694F1DBB4 
23: 00007FF69435FCE3 
23: 00007FF694FC052E v8::PropertyDescriptor::writable+676878
23: 00007FF694FC052E 
25: 00007FF694C9979A 
24: 00007FF6151435FE 
24: 00007FF6944C0517 
24: 00007FF694A37F6F 
24: 00007FF6151435FE 
24: 00007FF694BA980F 
24: 00007FF694EFBD66 
24: 00007FF69431B14E 
24: 00007FF6151435FE 
24: 00007FF694F31BD0 
26: 00007FF694C9CAA9 
25: 00007FF6944BE541 
25: 00007FF694A37B0E 
25: 00007FF694B9D857 
25: 00007FF69435FCE3 
25: 00007FF6942DBF6B 
25: 00007FF694F31BD0 
27: 00007FF694C9FA92 
26: 00007FF694EC558E 
26: 00007FF694A38EF3 
26: 00007FF694B9E390 
26: 00007FF6944D449F 
27: 00007FF694EC518A 
27: 00007FF694FC062E 
28: 00007FF694C9979A 
26: 00007FF69431B14E 
26: 00007FF694F31BD0 
27: 00007FF694E9CD5B 
27: 00007FF6942DBF6B 
27: 00007FF694EC558E 
27: 00007FF694F31BD0 
29: 00007FF694CA2BB6 
28: 00007FF694EC544F 
28: 00007FF695081386 
28: 00007FF694FC052E 
28: 00007FF6944D449F 
28: 00007FF694EC518A 
28: 00007FF61512E28D 
30: 00007FF694C98108 
29: 00007FF694EC52C0 
29: 00007FF694F31BD0 
29: 00007FF615131088 
29: 00007FF694EC558E 
29: 00007FF694EC544F 
31: 00007FF694C97A41 
30: 00007FF694FC052E 
30: 00007FF694F31BD0 
30: 00007FF694EC518A 
30: 00007FF694EC52C0 
32: 00007FF694C87FA0 
31: 00007FF615104126 
31: 00007FF694F31BD0 
31: 00007FF694EC544F 
31: 00007FF694FC052E 
33: 00007FF694E60729 
32: 00007FF694F31BD0 
32: 00007FF694EC52C0 
32: 00007FF615104519 
34: 00007FF694E654CF 
33: 00007FF694F31BD0 
33: 00007FF694FC052E 
34: 00007FF694F31BD0 
35: 00007FF694E6A7EB 
34: 00007FF615104519 
36: 00007FF694EF279C 
35: 00007FF694F31BD0 
37: 00007FF694EF22A4 
36: 00007FF61512E28D 
38: 00007FF6944C0ACE 
39: 00007FF6944C0517 
40: 00007FF6944BE541 
41: 00007FF694EC558E 
42: 00007FF694EC518A 
43: 00007FF694EC544F 
44: 00007FF694EC52C0 
45: 00007FF694FC052E 
46: 00007FF615104126 


#
# Fatal error in , line 0
# Out of memory: HashMap::Initialize
#
#
#
#FailureMessage Object: 000000357C9FAFB0
----- Native stack trace -----

 1: 00007FF6945271AB node::SetCppgcReference+16075
 2: 00007FF69442649F node::TriggerNodeReport+70223
 3: 00007FF6952F2E72 V8_Fatal+162
 4: 00007FF694EE7673 v8::SharedValueConveyor::SharedValueConveyor+555763
 5: 00007FF694EE70C6 v8::SharedValueConveyor::SharedValueConveyor+554310
 6: 00007FF694EE7391 v8::SharedValueConveyor::SharedValueConveyor+555025
 7: 00007FF694EE7207 v8::SharedValueConveyor::SharedValueConveyor+554631
 8: 00007FF694AA9BD1 v8::base::Thread::StartSynchronously+9105
 9: 00007FF694ACFA1D v8::base::Thread::StartSynchronously+164317
10: 00007FF694AE2BB5 v8::base::Thread::StartSynchronously+242549
11: 00007FF694AE0072 v8::base::Thread::StartSynchronously+231474
12: 00007FF694AD4850 v8::base::Thread::StartSynchronously+184336
13: 00007FF694AE20BB v8::base::Thread::StartSynchronously+239739
14: 00007FF694AE16EC v8::base::Thread::StartSynchronously+237228
15: 00007FF694AE1233 v8::base::Thread::StartSynchronously+236019
16: 00007FF694AE2D0C v8::base::Thread::StartSynchronously+242892
17: 00007FF694AE0072 v8::base::Thread::StartSynchronously+231474
18: 00007FF694AD4850 v8::base::Thread::StartSynchronously+184336
19: 00007FF694AE20BB v8::base::Thread::StartSynchronously+239739
20: 00007FF694AE16EC v8::base::Thread::StartSynchronously+237228
21: 00007FF694AE1233 v8::base::Thread::StartSynchronously+236019
22: 00007FF694AE2D0C v8::base::Thread::StartSynchronously+242892
23: 00007FF694AE0072 v8::base::Thread::StartSynchronously+231474
24: 00007FF694AD4850 v8::base::Thread::StartSynchronously+184336
25: 00007FF694AE8338 v8::base::Thread::StartSynchronously+264952
26: 00007FF694AE8812 v8::base::Thread::StartSynchronously+266194
27: 00007FF694ADD91A v8::base::Thread::StartSynchronously+221402
28: 00007FF694ADC993 v8::base::Thread::StartSynchronously+217427
29: 00007FF694ADE1A4 v8::base::Thread::StartSynchronously+223588
30: 00007FF694ACF0D9 v8::base::Thread::StartSynchronously+161945
31: 00007FF694AE341F v8::base::Thread::StartSynchronously+244703

32: 00007FF694AC8B82 v8::base::Thread::StartSynchronously+136002
<--- Last few GCs --->
33: 00007FF694E651BB v8::SharedValueConveyor::SharedValueConveyor+22075

34: 00007FF694E6A7EB v8::SharedValueConveyor::SharedValueConveyor+44139
35: 00007FF694EF279C v8::ScriptCompiler::CompileFunctionInternal+1260
36: 00007FF694EF22A4 v8::ScriptCompiler::CompileFunction+84
37: 00007FF6944ABC0F node::OnFatalError+48431

38: 00007FF6944AB7DD node::OnFatalError+47357
<--- JS stacktrace --->
39: 00007FF694EC558E v8::SharedValueConveyor::SharedValueConveyor+416270

40: 00007FF694EC518A v8::SharedValueConveyor::SharedValueConveyor+415242

41: 00007FF694EC544F v8::SharedValueConveyor::SharedValueConveyor+415951
#
42: 00007FF694EC52C0 v8::SharedValueConveyor::SharedValueConveyor+415552
# Fatal javascript OOM in MemoryChunk allocation failed during deserialization.
43: 00007FF694FC052E v8::PropertyDescriptor::writable+676878
#
44: 00007FF694F31BD0 v8::PropertyDescriptor::writable+92848

45: 00007FF694F31BD0 v8::PropertyDescriptor::writable+92848
46: 00007FF694F31BD0 v8::PropertyDescriptor::writable+92848
47: 00007FF694F31BD0 v8::PropertyDescriptor::writable+92848
48: 00007FF694F31BD0 v8::PropertyDescriptor::writable+92848
49: 00007FF694F31BD0 v8::PropertyDescriptor::writable+92848
50: 00007FF694F31BD0 v8::PropertyDescriptor::writable+92848
51: 00007FF615117F4F 

#

# Fatal javascript OOM in MemoryChunk allocation failed during deserialization.
<--- Last few GCs --->
#



<--- JS stacktrace --->

FATAL ERROR: Committing semi space failed. Allocation failed - JavaScript heap out of memory
----- Native stack trace -----


<--- Last few GCs --->


<--- JS stacktrace --->

FATAL ERROR: Committing semi space failed. Allocation failed - JavaScript heap out of memory
----- Native stack trace -----

 1: 00007FF6945271AB 
 2: 00007FF69449DCC6 
 3: 00007FF69449FED5 
 4: 00007FF694F0F061 
 5: 00007FF694EF87F8 
 6: 00007FF694D5A120 
 7: 00007FF694D11F23 
 8: 00007FF694D637E0 
 9: 00007FF694D56E40 
10: 00007FF694D6C4BA 
11: 00007FF694D6CD37 
12: 00007FF694D7596E 
13: 00007FF694D89BF4 
14: 00007FF694B291A7 
15: 00007FF694B2912E 
16: 00007FF694B42C06 
17: 00007FF694B438B4 
18: 00007FF694B4787F 
19: 00007FF694B503F2 
20: 00007FF694B25CC0 
21: 00007FF694B3A854 
22: 00007FF694CE2B23 
23: 00007FF694CE10B9 
24: 00007FF694FC062E 
25: 00007FF69508B63A 
26: 00007FF694F31BD0 
27: 00007FF694F31BD0 
28: 00007FF694F31BD0 
29: 00007FF694F31BD0 
30: 00007FF694F31BD0 
31: 00007FF694F2FF90 
32: 00007FF694F2FB8B 
33: 00007FF694DDA388 
34: 00007FF694DD9C83 
35: 00007FF694EEE32B 
36: 00007FF6944BE3BA 
37: 00007FF6944187AE 
38: 00007FF69441C473 
39: 00007FF694558887 
40: 00007FF694399894 
41: 00007FF6943951B8 
42: 00007FF694579B6D 
43: 00007FF695715180 
44: 00007FFAE21FE957 
45: 00007FFAE3F0427C 

<--- Last few GCs --->

[27252:000002CF59AE0080]     7005 ms: Scavenge 4.8 (6.3) -> 4.8 (6.0) MB, 4.03 / 0.00 ms  (average mu = 1.000, current mu = 1.000) allocation failure; 
[27252:000002CF59AE0080]     7074 ms: Scavenge 6.4 (6.8) -> 5.5 (7.3) MB, 3.94 / 0.00 ms  (average mu = 1.000, current mu = 1.000) allocation failure; 
[27252:000002CF59AE0080]     7089 ms: Scavenge 5.7 (7.3) -> 5.3 (6.3) MB, 1.66 / 0.00 ms  (average mu = 1.000, current mu = 1.000) allocation failure; 


<--- JS stacktrace --->

FATAL ERROR: Zone Allocation failed - process out of memory
----- Native stack trace -----


#
# Fatal javascript OOM in MemoryChunk allocation failed during deserialization.
#

 1: 00007FF6945271AB node::SetCppgcReference+16075
 1: 00007FF6945271AB node::SetCppgcReference+16075
 2: 00007FF69449DCC6 v8::base::CPU::num_virtual_address_bits+79190
 3: 00007FF69449FED5 v8::base::CPU::num_virtual_address_bits+87909
 4: 00007FF694F0F061 v8::Isolate::ReportExternalAllocationLimitReached+65
 5: 00007FF694EF87F8 v8::Function::Experimental_IsNopFunction+1336
 6: 00007FF694D5A120 v8::Platform::SystemClockTimeMillis+659328
 7: 00007FF694D11F23 v8::Platform::SystemClockTimeMillis+363907
 8: 00007FF694D637E0 v8::Platform::SystemClockTimeMillis+697920
 9: 00007FF694D56E40 v8::Platform::SystemClockTimeMillis+646304
10: 00007FF694D6C4BA v8::Platform::SystemClockTimeMillis+733978
11: 00007FF694D6CD37 v8::Platform::SystemClockTimeMillis+736151
12: 00007FF694D7596E v8::Platform::SystemClockTimeMillis+772046
13: 00007FF694D89BF4 v8::Platform::SystemClockTimeMillis+854612
14: 00007FF694B291A7 v8::base::Thread::StartSynchronously+530791
15: 00007FF694B2912E v8::base::Thread::StartSynchronously+530670
16: 00007FF694B42C06 v8::base::Thread::StartSynchronously+635846
17: 00007FF694B438B4 v8::base::Thread::StartSynchronously+639092
18: 00007FF694B4787F v8::base::Thread::StartSynchronously+655423
19: 00007FF694B503F2 v8::base::Thread::StartSynchronously+691122
20: 00007FF694B25CC0 v8::base::Thread::StartSynchronously+517248
21: 00007FF694B3A854 v8::base::Thread::StartSynchronously+602132
22: 00007FF694CE2B23 v8::Platform::SystemClockTimeMillis+170371
23: 00007FF694CE10B9 v8::Platform::SystemClockTimeMillis+163609
24: 00007FF694FC062E v8::PropertyDescriptor::writable+677134
25: 00007FF69508B63A v8::PropertyDescriptor::writable+1508634
26: 00007FF694F31BD0 v8::PropertyDescriptor::writable+92848
27: 00007FF694F31BD0 v8::PropertyDescriptor::writable+92848
28: 00007FF694F31BD0 v8::PropertyDescriptor::writable+92848
29: 00007FF694F31BD0 v8::PropertyDescriptor::writable+92848
 2: 00007FF69449DCC6 v8::base::CPU::num_virtual_address_bits+79190
30: 00007FF694F31BD0 v8::PropertyDescriptor::writable+92848
 3: 00007FF69449FED5 v8::base::CPU::num_virtual_address_bits+87909
31: 00007FF694F2FF90 v8::PropertyDescriptor::writable+85616
 4: 00007FF694F0F061 v8::Isolate::ReportExternalAllocationLimitReached+65
32: 00007FF694F2FB8B v8::PropertyDescriptor::writable+84587
 5: 00007FF694EF87F8 v8::Function::Experimental_IsNopFunction+1336
33: 00007FF694DDA388 v8::PrimitiveArray::Length+3928
 6: 00007FF6949DAF54 v8::SnapshotCreator::GetIsolate+53284
34: 00007FF694DD9C83 v8::PrimitiveArray::Length+2131
 7: 00007FF694C8D231 v8::base::time_internal::TimeBase<v8::base::TimeTicks>::operator!=+92993
35: 00007FF694EEE32B v8::Function::Call+571
 8: 00007FF694C8D68F v8::base::time_internal::TimeBase<v8::base::TimeTicks>::operator!=+94111
36: 00007FF6944BE3BA node::OnFatalError+124122
 9: 00007FF694C928B9 v8::base::time_internal::TimeBase<v8::base::TimeTicks>::operator!=+115145
37: 00007FF6944187AE node::TriggerNodeReport+13662
10: 00007FF694C9B122 v8::base::time_internal::TimeBase<v8::base::TimeTicks>::operator!=+150066
38: 00007FF69441C473 node::TriggerNodeReport+29219
11: 00007FF694CA034C v8::base::time_internal::TimeBase<v8::base::TimeTicks>::operator!=+171100
39: 00007FF694558887 node::CreateEnvironment+599
12: 00007FF694C9979A v8::base::time_internal::TimeBase<v8::base::TimeTicks>::operator!=+143530
40: 00007FF694399894 RSA_meth_get_flags+157524
13: 00007FF694C9CA1B v8::base::time_internal::TimeBase<v8::base::TimeTicks>::operator!=+156459
41: 00007FF6943951B8 RSA_meth_get_flags+139384
14: 00007FF694CA0122 v8::base::time_internal::TimeBase<v8::base::TimeTicks>::operator!=+170546
42: 00007FF694579B6D uv_poll_stop+237
15: 00007FF694C9979A v8::base::time_internal::TimeBase<v8::base::TimeTicks>::operator!=+143530
43: 00007FF695715180 inflateValidate+153328
16: 00007FF694C9CAA9 v8::base::time_internal::TimeBase<v8::base::TimeTicks>::operator!=+156601
44: 00007FFAE21FE957 BaseThreadInitThunk+23
17: 00007FF694C9FA92 v8::base::time_internal::TimeBase<v8::base::TimeTicks>::operator!=+168866
45: 00007FFAE3F0427C RtlUserThreadStart+44
18: 00007FF694C9979A v8::base::time_internal::TimeBase<v8::base::TimeTicks>::operator!=+143530
19: 00007FF694CA2BB6 v8::base::time_internal::TimeBase<v8::base::TimeTicks>::operator!=+181446
20: 00007FF694C99D7B v8::base::time_internal::TimeBase<v8::base::TimeTicks>::operator!=+145035
21: 00007FF694C99C54 v8::base::time_internal::TimeBase<v8::base::TimeTicks>::operator!=+144740
22: 00007FF694C9FA62 v8::base::time_internal::TimeBase<v8::base::TimeTicks>::operator!=+168818
23: 00007FF694C9979A v8::base::time_internal::TimeBase<v8::base::TimeTicks>::operator!=+143530
24: 00007FF694CA2BB6 v8::base::time_internal::TimeBase<v8::base::TimeTicks>::operator!=+181446
25: 00007FF694C98108 v8::base::time_internal::TimeBase<v8::base::TimeTicks>::operator!=+137752
26: 00007FF694C97A41 v8::base::time_internal::TimeBase<v8::base::TimeTicks>::operator!=+136017
27: 00007FF694C87FA0 v8::base::time_internal::TimeBase<v8::base::TimeTicks>::operator!=+71856
28: 00007FF694E60729 v8::SharedValueConveyor::SharedValueConveyor+2985
29: 00007FF694E63C95 v8::SharedValueConveyor::SharedValueConveyor+16661
30: 00007FF694E63564 v8::SharedValueConveyor::SharedValueConveyor+14820
31: 00007FF694A457BE v8::CodeEvent::GetFunctionName+156670
32: 00007FF694FC062E v8::PropertyDescriptor::writable+677134
33: 00007FF694F32FD8 v8::PropertyDescriptor::writable+97976
34: 00007FF694F31BD0 v8::PropertyDescriptor::writable+92848
35: 00007FF694F31BD0 v8::PropertyDescriptor::writable+92848
36: 00007FF694F31BD0 v8::PropertyDescriptor::writable+92848
37: 00007FF694F31BD0 v8::PropertyDescriptor::writable+92848
38: 00007FF694F31BD0 v8::PropertyDescriptor::writable+92848
39: 00007FF694F31BD0 v8::PropertyDescriptor::writable+92848
40: 00007FF694F31BD0 v8::PropertyDescriptor::writable+92848
41: 00007FF694F31BD0 v8::PropertyDescriptor::writable+92848
42: 00007FF694F31BD0 v8::PropertyDescriptor::writable+92848
43: 00007FF694F31BD0 v8::PropertyDescriptor::writable+92848
44: 00007FF694F31BD0 v8::PropertyDescriptor::writable+92848
45: 00007FF694F31BD0 v8::PropertyDescriptor::writable+92848
46: 00007FF694F31BD0 v8::PropertyDescriptor::writable+92848
47: 00007FF694F31BD0 v8::PropertyDescriptor::writable+92848
48: 00007FF694F31BD0 v8::PropertyDescriptor::writable+92848
49: 00007FF694F31BD0 v8::PropertyDescriptor::writable+92848
50: 00007FF694F31BD0 v8::PropertyDescriptor::writable+92848
51: 00007FF694F31BD0 v8::PropertyDescriptor::writable+92848
52: 00007FF694F31BD0 v8::PropertyDescriptor::writable+92848
53: 00007FF694F31BD0 v8::PropertyDescriptor::writable+92848
54: 00007FF694F31BD0 v8::PropertyDescriptor::writable+92848
55: 00007FF694F31BD0 v8::PropertyDescriptor::writable+92848
56: 00007FF694F31BD0 v8::PropertyDescriptor::writable+92848
57: 00007FF694F31BD0 v8::PropertyDescriptor::writable+92848
58: 00007FF694F31BD0 v8::PropertyDescriptor::writable+92848
59: 00007FF694F31BD0 v8::PropertyDescriptor::writable+92848
60: 00007FF694F31BD0 v8::PropertyDescriptor::writable+92848
61: 00007FF694F31BD0 v8::PropertyDescriptor::writable+92848
62: 00007FF694F31BD0 v8::PropertyDescriptor::writable+92848
63: 00007FF694F31BD0 v8::PropertyDescriptor::writable+92848
64: 00007FF694F31BD0 v8::PropertyDescriptor::writable+92848
65: 00007FF694F31BD0 v8::PropertyDescriptor::writable+92848
66: 00007FF694F31BD0 v8::PropertyDescriptor::writable+92848
67: 00007FF694F31BD0 v8::PropertyDescriptor::writable+92848
68: 00007FF694F31BD0 v8::PropertyDescriptor::writable+92848
69: 00007FF6950225E5 v8::PropertyDescriptor::writable+1078469
70: 00007FF694F59C75 v8::PropertyDescriptor::writable+256853
71: 00007FF694F2FE8B v8::PropertyDescriptor::writable+85355
72: 00007FF694DDA39F v8::PrimitiveArray::Length+3951
73: 00007FF694DDA4BB v8::PrimitiveArray::Length+4235
74: 00007FF694DDB2AA v8::PrimitiveArray::Length+7802
75: 00007FF694DB2472 v8::base::CPU::has_sse41+1410
76: 00007FF694DB21BC v8::base::CPU::has_sse41+716
77: 00007FF6943CA5E8 node::PromiseRejectCallback+1688
78: 00007FF694EC558E v8::SharedValueConveyor::SharedValueConveyor+416270
79: 00007FF694EC518A v8::SharedValueConveyor::SharedValueConveyor+415242
80: 00007FF694EC544F v8::SharedValueConveyor::SharedValueConveyor+415951
81: 00007FF694EC52C0 v8::SharedValueConveyor::SharedValueConveyor+415552
82: 00007FF694FC052E v8::PropertyDescriptor::writable+676878
83: 00007FF694F31BD0 v8::PropertyDescriptor::writable+92848
84: 00007FF694F2FF90 v8::PropertyDescriptor::writable+85616
85: 00007FF694F2FB8B v8::PropertyDescriptor::writable+84587
86: 00007FF694DDA388 v8::PrimitiveArray::Length+3928
87: 00007FF694DD9C83 v8::PrimitiveArray::Length+2131
88: 00007FF694EEE32B v8::Function::Call+571
89: 00007FF69455CCF6 node::CallbackScope::~CallbackScope+694
90: 00007FF69455CAAE node::CallbackScope::~CallbackScope+110
91: 00007FF6944DFC26 node::Start+1190
92: 00007FF694559B99 node::LoadEnvironment+89
93: 00007FF69444E177 X509_STORE_get_cleanup+152919
94: 00007FF6944E0715 node::Start+3989
95: 00007FF6944DF7B0 node::Start+48
96: 00007FF6942BD4FC AES_cbc_encrypt+150316
97: 00007FF6956F3E2C inflateValidate+17308
98: 00007FFAE21FE957 BaseThreadInitThunk+23
99: 00007FFAE3F0427C RtlUserThreadStart+44

<--- Last few GCs --->


<--- JS stacktrace --->


<--- Last few GCs --->

[11368:0000022FDA84FBB0]      146 ms: Scavenge 3.1 (3.2) -> 2.7 (4.2) MB, 5.04 / 0.00 ms  (average mu = 1.000, current mu = 1.000) allocation failure; 
#

# Fatal javascript OOM in MemoryChunk allocation failed during deserialization.

#
<--- JS stacktrace --->


FATAL ERROR: NewSpace::EnsureCurrentCapacity Allocation failed - JavaScript heap out of memory
----- Native stack trace -----

 1: 00007FF6945271AB node::SetCppgcReference+16075
 2: 00007FF69449DCC6 v8::base::CPU::num_virtual_address_bits+79190
 3: 00007FF69449FED5 v8::base::CPU::num_virtual_address_bits+87909
 4: 00007FF694F0F061 v8::Isolate::ReportExternalAllocationLimitReached+65
 5: 00007FF694EF87F8 v8::Function::Experimental_IsNopFunction+1336
 6: 00007FF694D5A120 v8::Platform::SystemClockTimeMillis+659328
 7: 00007FF694D33620 v8::Platform::SystemClockTimeMillis+500864
 8: 00007FF694D60D6A v8::Platform::SystemClockTimeMillis+687050
 9: 00007FF694D6382C v8::Platform::SystemClockTimeMillis+697996
10: 00007FF694D56E40 v8::Platform::SystemClockTimeMillis+646304
11: 00007FF694D6C4BA v8::Platform::SystemClockTimeMillis+733978
12: 00007FF694D6CD37 v8::Platform::SystemClockTimeMillis+736151
13: 00007FF694D7596E v8::Platform::SystemClockTimeMillis+772046
14: 00007FF694D8A1AA v8::Platform::SystemClockTimeMillis+856074
15: 00007FF694D8A493 v8::Platform::SystemClockTimeMillis+856819
16: 00007FF694D79FB5 v8::Platform::SystemClockTimeMillis+790037
17: 00007FF694BFA817 v8::base::Thread::StartSynchronously+1388503
18: 00007FF694BC36B8 v8::base::Thread::StartSynchronously+1162872
19: 00007FF694BC54F8 v8::base::Thread::StartSynchronously+1170616
20: 00007FF694E6BB80 v8::SharedValueConveyor::SharedValueConveyor+49152
21: 00007FF694D75EEF v8::Platform::SystemClockTimeMillis+773455
22: 00007FF694E6A94A v8::SharedValueConveyor::SharedValueConveyor+44490
23: 00007FF694EF279C v8::ScriptCompiler::CompileFunctionInternal+1260
24: 00007FF694EF22A4 v8::ScriptCompiler::CompileFunction+84
25: 00007FF6944C0ACE node::OnFatalError+134126
26: 00007FF6944C0517 node::OnFatalError+132663
27: 00007FF6944BE541 node::OnFatalError+124513
28: 00007FF694EC558E v8::SharedValueConveyor::SharedValueConveyor+416270
29: 00007FF694EC518A v8::SharedValueConveyor::SharedValueConveyor+415242



30: 00007FF694EC544F v8::SharedValueConveyor::SharedValueConveyor+415951
#

#
#

31: 00007FF694EC52C0 v8::SharedValueConveyor::SharedValueConveyor+415552
# Fatal javascript OOM in MemoryChunk allocation failed during deserialization.
# Fatal javascript OOM in MemoryChunk allocation failed during deserialization.
# Fatal javascript OOM in MemoryChunk allocation failed during deserialization.
#
32: 00007FF694FC052E v8::PropertyDescriptor::writable+676878
#
#
#
# Fatal error in , line 0
33: 00007FF694F31BD0 v8::PropertyDescriptor::writable+92848



34: 00007FF694F31BD0 v8::PropertyDescriptor::writable+92848
# Fatal process out of memory: Zone
35: 00007FF694F31BD0 v8::PropertyDescriptor::writable+92848
#
36: 00007FF694F31BD0 v8::PropertyDescriptor::writable+92848
#
37: 00007FF694F31BD0 v8::PropertyDescriptor::writable+92848
#
38: 00007FF694F31BD0 v8::PropertyDescriptor::writable+92848
#FailureMessage Object: 0000007E5D7F6010
39: 00007FF694F2FF90 v8::PropertyDescriptor::writable+85616
----- Native stack trace -----
40: 00007FF694F2FB8B v8::PropertyDescriptor::writable+84587

41: 00007FF694DDA388 v8::PrimitiveArray::Length+3928
 1: 00007FF6945271AB node::SetCppgcReference+16075
42: 00007FF694DD9C83 v8::PrimitiveArray::Length+2131
 2: 00007FF69442649F node::TriggerNodeReport+70223
43: 00007FF694EEE32B v8::Function::Call+571
 3: 00007FF6952F2E72 V8_Fatal+162
44: 00007FF6944BE3BA node::OnFatalError+124122
 4: 00007FF694EF8603 v8::Function::Experimental_IsNopFunction+835
45: 00007FF6944187AE node::TriggerNodeReport+13662
 5: 00007FF6949DAF54 v8::SnapshotCreator::GetIsolate+53284
46: 00007FF69441C473 node::TriggerNodeReport+29219
 6: 00007FF6953824D3 inflateInit2_+499715
47: 00007FF694558887 node::CreateEnvironment+599
 7: 00007FF6954FFEA1 inflateInit2_+2062801
48: 00007FF694399894 RSA_meth_get_flags+157524
 8: 00007FF6954FFDA1 inflateInit2_+2062545
49: 00007FF6943951B8 RSA_meth_get_flags+139384
 9: 00007FF6954FF2EF inflateInit2_+2059807
50: 00007FF694579B6D uv_poll_stop+237
10: 00007FF695404BC7 inflateInit2_+1033975
51: 00007FF695715180 inflateValidate+153328
11: 00007FF6953B9C11 inflateInit2_+726849
52: 00007FFAE21FE957 BaseThreadInitThunk+23
12: 00007FF6954047D4 inflateInit2_+1032964
53: 00007FFAE3F0427C RtlUserThreadStart+44
13: 00007FF695404F46 inflateInit2_+1034870
14: 00007FF695404C52 inflateInit2_+1034114
15: 00007FF6953BBDB6 inflateInit2_+735462
16: 00007FF6953B77FA inflateInit2_+717610

17: 00007FF6953B394A inflateInit2_+701562
#
18: 00007FF694E66E11 v8::SharedValueConveyor::SharedValueConveyor+29329
# Fatal javascript OOM in MemoryChunk allocation failed during deserialization.
19: 00007FF694E33D31 v8::Proxy::GetTarget+45521
#
20: 00007FF694428F4D X509_STORE_get_cleanup+813

21: 00007FF694579B6D uv_poll_stop+237
22: 00007FF695715180 inflateValidate+153328
23: 00007FFAE21FE957 BaseThreadInitThunk+23
24: 00007FFAE3F0427C RtlUserThreadStart+44

#

# Fatal javascript OOM in MemoryChunk allocation failed during deserialization.
<--- Last few GCs --->
#



<--- JS stacktrace --->

FATAL ERROR: Committing semi space failed. Allocation failed - JavaScript heap out of memory
----- Native stack trace -----


<--- Last few GCs --->

[18488:000001D79BF30080]     3274 ms: Scavenge 4.9 (6.3) -> 4.8 (6.0) MB, 1.10 / 0.00 ms  (average mu = 1.000, current mu = 1.000) allocation failure; 
[18488:000001D79BF30080]     3278 ms: Scavenge 6.4 (6.8) -> 5.5 (9.0) MB, 1.15 / 0.00 ms  (average mu = 1.000, current mu = 1.000) allocation failure; 


<--- Last few GCs --->


<--- JS stacktrace --->

FATAL ERROR: Committing semi space failed. Allocation failed - JavaScript heap out of memory
----- Native stack trace -----

 1: 00007FF6945271AB node::SetCppgcReference+16075
 2: 00007FF69449DCC6 v8::base::CPU::num_virtual_address_bits+79190
 3: 00007FF69449FED5 v8::base::CPU::num_virtual_address_bits+87909
 4: 00007FF694F0F061 v8::Isolate::ReportExternalAllocationLimitReached+65
 5: 00007FF694EF87F8 v8::Function::Experimental_IsNopFunction+1336
 6: 00007FF694D5A120 v8::Platform::SystemClockTimeMillis+659328
 7: 00007FF694D11F23 v8::Platform::SystemClockTimeMillis+363907
 8: 00007FF694D637E0 v8::Platform::SystemClockTimeMillis+697920
 9: 00007FF694D56E40 v8::Platform::SystemClockTimeMillis+646304
10: 00007FF694D6C4BA v8::Platform::SystemClockTimeMillis+733978
11: 00007FF694D6CD37 v8::Platform::SystemClockTimeMillis+736151
12: 00007FF694D7596E v8::Platform::SystemClockTimeMillis+772046
13: 00007FF694D89BF4 v8::Platform::SystemClockTimeMillis+854612
14: 00007FF694B291A7 v8::base::Thread::StartSynchronously+530791
15: 00007FF694B2912E v8::base::Thread::StartSynchronously+530670
16: 00007FF694B42C06 v8::base::Thread::StartSynchronously+635846
17: 00007FF694B438B4 v8::base::Thread::StartSynchronously+639092
18: 00007FF694B4787F v8::base::Thread::StartSynchronously+655423
19: 00007FF694B503F2 v8::base::Thread::StartSynchronously+691122
20: 00007FF694B25CC0 v8::base::Thread::StartSynchronously+517248
21: 00007FF694B3A854 v8::base::Thread::StartSynchronously+602132
22: 00007FF694CE2B23 v8::Platform::SystemClockTimeMillis+170371
23: 00007FF694CE10B9 v8::Platform::SystemClockTimeMillis+163609
24: 00007FF694FC062E v8::PropertyDescriptor::writable+677134
25: 00007FF69508B63A v8::PropertyDescriptor::writable+1508634
26: 00007FF694F31BD0 v8::PropertyDescriptor::writable+92848
27: 00007FF694F31BD0 v8::PropertyDescriptor::writable+92848
28: 00007FF694F31BD0 v8::PropertyDescriptor::writable+92848

29: 00007FF694F31BD0 v8::PropertyDescriptor::writable+92848
<--- JS stacktrace --->
30: 00007FF694F31BD0 v8::PropertyDescriptor::writable+92848

31: 00007FF694F2FF90 v8::PropertyDescriptor::writable+85616
FATAL ERROR: Zone Allocation failed - process out of memory
32: 00007FF694F2FB8B v8::PropertyDescriptor::writable+84587
----- Native stack trace -----
33: 00007FF694DDA388 v8::PrimitiveArray::Length+3928

34: 00007FF694DD9C83 v8::PrimitiveArray::Length+2131
35: 00007FF694EEE32B v8::Function::Call+571
36: 00007FF6944BE3BA node::OnFatalError+124122
37: 00007FF6944187AE node::TriggerNodeReport+13662
38: 00007FF69441C473 node::TriggerNodeReport+29219
39: 00007FF694558887 node::CreateEnvironment+599
40: 00007FF694399894 RSA_meth_get_flags+157524
41: 00007FF6943951B8 RSA_meth_get_flags+139384
42: 00007FF694579B6D uv_poll_stop+237
43: 00007FF695715180 inflateValidate+153328
44: 00007FFAE21FE957 BaseThreadInitThunk+23
45: 00007FFAE3F0427C RtlUserThreadStart+44
 1: 00007FF6945271AB node::SetCppgcReference+16075
 1: 00007FF6945271AB node::SetCppgcReference+16075
 2: 00007FF69449DCC6 v8::base::CPU::num_virtual_address_bits+79190
 3: 00007FF69449FED5 v8::base::CPU::num_virtual_address_bits+87909
 2: 00007FF69449DCC6 v8::base::CPU::num_virtual_address_bits+79190
 4: 00007FF694F0F061 v8::Isolate::ReportExternalAllocationLimitReached+65
 3: 00007FF69449FED5 v8::base::CPU::num_virtual_address_bits+87909
 5: 00007FF694EF87F8 v8::Function::Experimental_IsNopFunction+1336
 4: 00007FF694F0F061 v8::Isolate::ReportExternalAllocationLimitReached+65
 6: 00007FF6949DAF54 v8::SnapshotCreator::GetIsolate+53284
 5: 00007FF694EF87F8 v8::Function::Experimental_IsNopFunction+1336
 7: 00007FF694A7DD48 v8::base::CPU::has_neon+11160
 6: 00007FF694D5A120 v8::Platform::SystemClockTimeMillis+659328
 8: 00007FF694A7BBA0 v8::base::CPU::has_neon+2544
 7: 00007FF694D11F23 v8::Platform::SystemClockTimeMillis+363907
 9: 00007FF694A7D73D v8::base::CPU::has_neon+9613
 8: 00007FF694D637E0 v8::Platform::SystemClockTimeMillis+697920
10: 00007FF694A7FF15 v8::base::CPU::has_neon+19813
 9: 00007FF694D56E40 v8::Platform::SystemClockTimeMillis+646304
11: 00007FF694A6A1DE v8::PropertyDescriptor::value+123358
10: 00007FF694D6C4BA v8::Platform::SystemClockTimeMillis+733978
12: 00007FF694A4D9F6 v8::PropertyDescriptor::value+6646
11: 00007FF694D6CD37 v8::Platform::SystemClockTimeMillis+736151
13: 00007FF694A4DEC9 v8::PropertyDescriptor::value+7881
12: 00007FF694D7596E v8::Platform::SystemClockTimeMillis+772046
14: 00007FF694A4E578 v8::PropertyDescriptor::value+9592
13: 00007FF694D89BF4 v8::Platform::SystemClockTimeMillis+854612
15: 00007FF694A4F50B v8::PropertyDescriptor::value+13579
14: 00007FF694B291A7 v8::base::Thread::StartSynchronously+530791
16: 00007FF694A4F03D v8::PropertyDescriptor::value+12349
15: 00007FF694B2912E v8::base::Thread::StartSynchronously+530670
17: 00007FF694A4EA37 v8::PropertyDescriptor::value+10807
16: 00007FF694B42C06 v8::base::Thread::StartSynchronously+635846
18: 00007FF694A2AB52 v8::CodeEvent::GetFunctionName+46994
17: 00007FF694B438B4 v8::base::Thread::StartSynchronously+639092
19: 00007FF694FC062E v8::PropertyDescriptor::writable+677134
18: 00007FF694B4787F v8::base::Thread::StartSynchronously+655423
20: 00007FF69502BD81 v8::PropertyDescriptor::writable+1117281
19: 00007FF694B503F2 v8::base::Thread::StartSynchronously+691122
21: 00007FF694F31BD0 v8::PropertyDescriptor::writable+92848
20: 00007FF694B25CC0 v8::base::Thread::StartSynchronously+517248
22: 00007FF694F31BD0 v8::PropertyDescriptor::writable+92848
21: 00007FF694B3A854 v8::base::Thread::StartSynchronously+602132
23: 00007FF694F31BD0 v8::PropertyDescriptor::writable+92848
22: 00007FF694CE2B23 v8::Platform::SystemClockTimeMillis+170371
24: 00007FF694F31BD0 v8::PropertyDescriptor::writable+92848
23: 00007FF694CE10B9 v8::Platform::SystemClockTimeMillis+163609
25: 00007FF694F31BD0 v8::PropertyDescriptor::writable+92848
24: 00007FF694FC062E v8::PropertyDescriptor::writable+677134
26: 00007FF694F31BD0 v8::PropertyDescriptor::writable+92848
25: 00007FF69508B63A v8::PropertyDescriptor::writable+1508634
27: 00007FF694F31BD0 v8::PropertyDescriptor::writable+92848
26: 00007FF694F31BD0 v8::PropertyDescriptor::writable+92848
28: 00007FF694F31BD0 v8::PropertyDescriptor::writable+92848
27: 00007FF694F31BD0 v8::PropertyDescriptor::writable+92848
29: 00007FF694F31BD0 v8::PropertyDescriptor::writable+92848
28: 00007FF694F31BD0 v8::PropertyDescriptor::writable+92848
30: 00007FF615117F4F 
29: 00007FF694F31BD0 v8::PropertyDescriptor::writable+92848
30: 00007FF694F31BD0 v8::PropertyDescriptor::writable+92848
31: 00007FF694F2FF90 v8::PropertyDescriptor::writable+85616
32: 00007FF694F2FB8B v8::PropertyDescriptor::writable+84587
33: 00007FF694DDA388 v8::PrimitiveArray::Length+3928
34: 00007FF694DD9C83 v8::PrimitiveArray::Length+2131
35: 00007FF694EEE32B v8::Function::Call+571
36: 00007FF6944BE3BA node::OnFatalError+124122
37: 00007FF6944187AE node::TriggerNodeReport+13662
38: 00007FF69441C473 node::TriggerNodeReport+29219
39: 00007FF694558887 node::CreateEnvironment+599
40: 00007FF694399894 RSA_meth_get_flags+157524
41: 00007FF6943951B8 RSA_meth_get_flags+139384
42: 00007FF694579B6D uv_poll_stop+237
43: 00007FF695715180 inflateValidate+153328
44: 00007FFAE21FE957 BaseThreadInitThunk+23
45: 00007FFAE3F0427C RtlUserThreadStart+44

<--- Last few GCs --->


<--- JS stacktrace --->


#
# Fatal javascript OOM in MemoryChunk allocation failed during deserialization.
#


<--- Last few GCs --->


<--- JS stacktrace --->


#
# Fatal javascript OOM in MemoryChunk allocation failed during deserialization.
#



thread 'tokio-runtime-worker' (15732) panicked at C:\Users\Administrator\.cargo\registry\src\index.crates.io-1949cf8c6b5b557f\tokio-1.43.0\src\io\blocking.rs:76:46:
OS can't spawn worker thread: Insufficient system resources exist to complete the requested service. (os error 1450)

#
# Fatal error in , line 0
# Out of memory: HashMap::Initialize
#
#
#
#FailureMessage Object: 00000063695F9B90
----- Native stack trace -----


<--- Last few GCs --->

[51540:000001D91A2D0080]     1358 ms: Scavenge 4.9 (6.3) -> 4.7 (7.0) MB, 1.07 / 0.00 ms  (average mu = 1.000, current mu = 1.000) allocation failure; 
[51540:000001D91A2D0080]     1362 ms: Scavenge 6.4 (7.8) -> 5.5 (9.3) MB, 1.05 / 0.00 ms  (average mu = 1.000, current mu = 1.000) allocation failure; 
[51540:000001D91A2D0080]     7510 ms: Scavenge 7.7 (9.9) -> 6.8 (7.7) MB, 1009.80 / 0.00 ms  (average mu = 1.000, current mu = 1.000) allocation failure; 


<--- JS stacktrace --->

FATAL ERROR: Committing semi space failed. Allocation failed - JavaScript heap out of memory
 1: 00007FF6945271AB 
----- Native stack trace -----
 2: 00007FF69442649F 

 3: 00007FF6952F2E72 

 4: 00007FF694EE7673 
<--- Last few GCs --->
 5: 00007FF694EE70C6 

 6: 00007FF694EE7391 
[61392:0000020746B80080]     2094 ms: Scavenge 4.8 (6.3) -> 4.7 (7.0) MB, 0.91 / 0.00 ms  (average mu = 1.000, current mu = 1.000) allocation failure; 
 7: 00007FF694EE7207 
[61392:0000020746B80080]     2097 ms: Scavenge 6.4 (7.8) -> 5.5 (9.0) MB, 0.82 / 0.00 ms  (average mu = 1.000, current mu = 1.000) allocation failure; 
 8: 00007FF694AA9BD1 

 9: 00007FF694AE7F91 

10: 00007FF694AE8812 
<--- JS stacktrace --->
11: 00007FF694ADD91A 

12: 00007FF694AD446E 
FATAL ERROR: AlignedAlloc Allocation failed - process out of memory
13: 00007FF694AD4AB2 
----- Native stack trace -----
14: 00007FF694AD9D9E 

 1: 00007FF6945271AB node::SetCppgcReference+16075
15: 00007FF694AE2E29 
 1: 00007FF6945271AB node::SetCppgcReference+16075
16: 00007FF694AE0072 
 2: 00007FF69449DCC6 v8::base::CPU::num_virtual_address_bits+79190
 2: 00007FF69449DCC6 v8::base::CPU::num_virtual_address_bits+79190
17: 00007FF694AD4850 
 3: 00007FF69449FED5 v8::base::CPU::num_virtual_address_bits+87909
 3: 00007FF69449FED5 v8::base::CPU::num_virtual_address_bits+87909
18: 00007FF694AD9D9E 
 4: 00007FF694F0F061 v8::Isolate::ReportExternalAllocationLimitReached+65
 4: 00007FF694F0F061 v8::Isolate::ReportExternalAllocationLimitReached+65
19: 00007FF694ADA1C7 
 5: 00007FF694EF87F8 v8::Function::Experimental_IsNopFunction+1336
20: 00007FF694AE6554 
 5: 00007FF694EF87F8 v8::Function::Experimental_IsNopFunction+1336
 6: 00007FF6949DDC3C v8::internal::Version::GetString+10620
21: 00007FF694ADD91A 
 6: 00007FF694D5A120 v8::Platform::SystemClockTimeMillis+659328
 7: 00007FF694B06D95 v8::base::Thread::StartSynchronously+390485
 7: 00007FF694D11F23 v8::Platform::SystemClockTimeMillis+363907
22: 00007FF694AD446E 
 8: 00007FF694B06981 v8::base::Thread::StartSynchronously+389441
 8: 00007FF694D637E0 v8::Platform::SystemClockTimeMillis+697920
23: 00007FF694AD4AB2 
 9: 00007FF694B04FDF v8::base::Thread::StartSynchronously+382879
 9: 00007FF694D56E40 v8::Platform::SystemClockTimeMillis+646304
24: 00007FF694AD9D9E 
10: 00007FF694D85F2B v8::Platform::SystemClockTimeMillis+839051
10: 00007FF694D6C4BA v8::Platform::SystemClockTimeMillis+733978
25: 00007FF694AE2E29 
11: 00007FF694EE4252 v8::SharedValueConveyor::SharedValueConveyor+542418
11: 00007FF694D6CD37 v8::Platform::SystemClockTimeMillis+736151
26: 00007FF694AE0072 
12: 00007FF694ACF454 v8::base::Thread::StartSynchronously+162836
12: 00007FF694D7B62F v8::Platform::SystemClockTimeMillis+795791
27: 00007FF694AD4850 
13: 00007FF694AE341F v8::base::Thread::StartSynchronously+244703
13: 00007FF694A3BBE5 v8::CodeEvent::GetFunctionName+116773
28: 00007FF694AD9D9E 
14: 00007FF694AC8B82 v8::base::Thread::StartSynchronously+136002
14: 00007FF694FC062E v8::PropertyDescriptor::writable+677134
29: 00007FF694ADA1C7 
15: 00007FF694E651BB v8::SharedValueConveyor::SharedValueConveyor+22075
15: 00007FF694F6614A v8::PropertyDescriptor::writable+307242
30: 00007FF694AE6554 
16: 00007FF694E6A7EB v8::SharedValueConveyor::SharedValueConveyor+44139
16: 00007FF615130CE2 
17: 00007FF694EF279C v8::ScriptCompiler::CompileFunctionInternal+1260
31: 00007FF694ADD91A 
32: 00007FF694ADC993 
18: 00007FF694EF22A4 v8::ScriptCompiler::CompileFunction+84
33: 00007FF694ADE1A4 
19: 00007FF6944ABC0F node::OnFatalError+48431
34: 00007FF694ACF0D9 
20: 00007FF6944AB7DD node::OnFatalError+47357
35: 00007FF694AE341F 
21: 00007FF694EC558E v8::SharedValueConveyor::SharedValueConveyor+416270
36: 00007FF694AC8B82 
22: 00007FF694EC518A v8::SharedValueConveyor::SharedValueConveyor+415242
37: 00007FF694E651BB 
23: 00007FF694EC544F v8::SharedValueConveyor::SharedValueConveyor+415951
38: 00007FF694E6A7EB 
24: 00007FF694EC52C0 v8::SharedValueConveyor::SharedValueConveyor+415552
39: 00007FF694EF279C 
25: 00007FF694FC052E v8::PropertyDescriptor::writable+676878
40: 00007FF694EF22A4 
26: 00007FF694F31BD0 v8::PropertyDescriptor::writable+92848
41: 00007FF6944ABC0F 
27: 00007FF694F31BD0 v8::PropertyDescriptor::writable+92848
42: 00007FF6944AB7DD 
43: 00007FF694EC558E 
28: 00007FF694F31BD0 v8::PropertyDescriptor::writable+92848
44: 00007FF694EC518A 
29: 00007FF694F31BD0 v8::PropertyDescriptor::writable+92848
45: 00007FF694EC544F 
30: 00007FF694F31BD0 v8::PropertyDescriptor::writable+92848
46: 00007FF694EC52C0 
47: 00007FF694FC052E 
31: 00007FF694F31BD0 v8::PropertyDescriptor::writable+92848
48: 00007FF694F31BD0 
32: 00007FF694F31BD0 v8::PropertyDescriptor::writable+92848
49: 00007FF694F31BD0 
33: 00007FF615117F4F 
50: 00007FF694F31BD0 
51: 00007FF694F31BD0 
52: 00007FF694F31BD0 
53: 00007FF694F31BD0 
54: 00007FF61512E28D 

<--- Last few GCs --->


#
# Fatal javascript OOM in MemoryChunk allocation failed during deserialization.

#
<--- JS stacktrace --->



#
# Fatal javascript OOM in MemoryChunk allocation failed during deserialization.
#


<--- Last few GCs --->


<--- JS stacktrace --->

FATAL ERROR: Committing semi space failed. Allocation failed - JavaScript heap out of memory
----- Native stack trace -----

 1: 00007FF6945271AB node::SetCppgcReference+16075
 2: 00007FF69449DCC6 v8::base::CPU::num_virtual_address_bits+79190
 3: 00007FF69449FED5 v8::base::CPU::num_virtual_address_bits+87909
 4: 00007FF694F0F061 v8::Isolate::ReportExternalAllocationLimitReached+65
 5: 00007FF694EF87F8 v8::Function::Experimental_IsNopFunction+1336
 6: 00007FF694D5A120 v8::Platform::SystemClockTimeMillis+659328
 7: 00007FF694D11F23 v8::Platform::SystemClockTimeMillis+363907
 8: 00007FF694D637E0 v8::Platform::SystemClockTimeMillis+697920
 9: 00007FF694D56E40 v8::Platform::SystemClockTimeMillis+646304
10: 00007FF694D6C4BA v8::Platform::SystemClockTimeMillis+733978
11: 00007FF694D6CD37 v8::Platform::SystemClockTimeMillis+736151
12: 00007FF694D7596E v8::Platform::SystemClockTimeMillis+772046
13: 00007FF694D89BF4 v8::Platform::SystemClockTimeMillis+854612
14: 00007FF694B291A7 v8::base::Thread::StartSynchronously+530791
15: 00007FF694B2912E v8::base::Thread::StartSynchronously+530670
16: 00007FF694B42C06 v8::base::Thread::StartSynchronously+635846
17: 00007FF694B438B4 v8::base::Thread::StartSynchronously+639092
18: 00007FF694B4787F v8::base::Thread::StartSynchronously+655423
19: 00007FF694B503F2 v8::base::Thread::StartSynchronously+691122
20: 00007FF694B25CC0 v8::base::Thread::StartSynchronously+517248
21: 00007FF694B3A854 v8::base::Thread::StartSynchronously+602132
22: 00007FF694CE2B23 v8::Platform::SystemClockTimeMillis+170371
23: 00007FF694CE10B9 v8::Platform::SystemClockTimeMillis+163609
24: 00007FF694FC062E v8::PropertyDescriptor::writable+677134
25: 00007FF69508B63A v8::PropertyDescriptor::writable+1508634
26: 00007FF694F31BD0 v8::PropertyDescriptor::writable+92848
27: 00007FF694F31BD0 v8::PropertyDescriptor::writable+92848
28: 00007FF694F31BD0 v8::PropertyDescriptor::writable+92848
29: 00007FF694F31BD0 v8::PropertyDescriptor::writable+92848
30: 00007FF694F31BD0 v8::PropertyDescriptor::writable+92848
31: 00007FF694F2FF90 v8::PropertyDescriptor::writable+85616
32: 00007FF694F2FB8B v8::PropertyDescriptor::writable+84587
33: 00007FF694DDA388 v8::PrimitiveArray::Length+3928
34: 00007FF694DD9C83 v8::PrimitiveArray::Length+2131
35: 00007FF694EEE32B v8::Function::Call+571
36: 00007FF6944BE3BA node::OnFatalError+124122
37: 00007FF6944187AE node::TriggerNodeReport+13662
38: 00007FF69441C473 node::TriggerNodeReport+29219
39: 00007FF694558887 node::CreateEnvironment+599
40: 00007FF694399894 RSA_meth_get_flags+157524
41: 00007FF6943951B8 RSA_meth_get_flags+139384
42: 00007FF694579B6D uv_poll_stop+237
43: 00007FF695715180 inflateValidate+153328
44: 00007FFAE21FE957 BaseThreadInitThunk+23
45: 00007FFAE3F0427C RtlUserThreadStart+44

<--- Last few GCs --->


<--- JS stacktrace --->


#
# Fatal javascript OOM in MemoryChunk allocation failed during deserialization.
#




#
<--- Last few GCs --->
# Fatal error in , line 0


# Out of memory: HashMap::Initialize
[25364:000001851EA00080]     3100 ms: Scavenge 4.9 (6.3) -> 4.8 (6.0) MB, 2.79 / 0.00 ms  (average mu = 1.000, current mu = 1.000) allocation failure; 
#
#
[25364:000001851EA00080]     3155 ms: Scavenge 6.4 (6.8) -> 5.5 (9.3) MB, 4.57 / 0.00 ms  (average mu = 1.000, current mu = 1.000) allocation failure; 
# Fatal javascript OOM in MemoryChunk allocation failed during deserialization.
#

#
#


#FailureMessage Object: 000000E026BFB5E0
<--- JS stacktrace --->
----- Native stack trace -----


FATAL ERROR: Zone Allocation failed - process out of memory
----- Native stack trace -----

 1: 00007FF6945271AB 
 2: 00007FF69449DCC6 
 3: 00007FF69449FED5 
 4: 00007FF694F0F061 
 5: 00007FF694EF87F8 
 6: 00007FF6949DAF54 
 7: 00007FF694C8A9A4 
 8: 00007FF694C8B504 
 9: 00007FF694C9D311 
10: 00007FF694CA041B 
11: 00007FF694C9979A 
12: 00007FF694C92910 
13: 00007FF694C9B0DB 
14: 00007FF694CA034C 
15: 00007FF694C9979A 
16: 00007FF694C9CA1B 
17: 00007FF694CA0122 
18: 00007FF694C9979A 
19: 00007FF694C9CAA9 
 1: 00007FF6945271AB node::SetCppgcReference+16075
20: 00007FF694C9FA92 
21: 00007FF694C9979A 
 2: 00007FF69442649F node::TriggerNodeReport+70223
22: 00007FF694CA2BB6 
 3: 00007FF6952F2E72 V8_Fatal+162
23: 00007FF694C99D7B 

 4: 00007FF694EE7673 v8::SharedValueConveyor::SharedValueConveyor+555763
24: 00007FF694C99C54 
#
 5: 00007FF694EE70C6 v8::SharedValueConveyor::SharedValueConveyor+554310
25: 00007FF694C9FA62 
# Fatal process OOM in Failed to reserve virtual memory for CodeRange
 6: 00007FF694EE7391 v8::SharedValueConveyor::SharedValueConveyor+555025
26: 00007FF694C9979A 
#
 7: 00007FF694EE7207 v8::SharedValueConveyor::SharedValueConveyor+554631
27: 00007FF694CA2BB6 


 8: 00007FF694AA9BD1 v8::base::Thread::StartSynchronously+9105
28: 00007FF694C98108 
 9: 00007FF694ACFA1D v8::base::Thread::StartSynchronously+164317
<--- Last few GCs --->
29: 00007FF694C97A41 
10: 00007FF694AE2BB5 v8::base::Thread::StartSynchronously+242549






30: 00007FF694C87FA0 
11: 00007FF694AE0072 v8::base::Thread::StartSynchronously+231474
<--- Last few GCs --->
<--- Last few GCs --->
<--- Last few GCs --->
#
<--- Last few GCs --->
31: 00007FF694E60729 




# Fatal javascript OOM in MemoryChunk allocation failed during deserialization.

12: 00007FF694AD4850 v8::base::Thread::StartSynchronously+184336
32: 00007FF694E63C95 
13: 00007FF694AE20BB v8::base::Thread::StartSynchronously+239739
<--- JS stacktrace --->
#

33: 00007FF694E63564 






14: 00007FF694AE16EC v8::base::Thread::StartSynchronously+237228

<--- JS stacktrace --->
34: 00007FF694A457BE 
<--- JS stacktrace --->
<--- JS stacktrace --->
15: 00007FF694AE1233 v8::base::Thread::StartSynchronously+236019


35: 00007FF694FC062E 
<--- JS stacktrace --->
<--- Last few GCs --->


#

# Fatal javascript OOM in MemoryChunk allocation failed during deserialization.

16: 00007FF694AE2D0C v8::base::Thread::StartSynchronously+242892
#
FATAL ERROR: Committing semi space failed. Allocation failed - JavaScript heap out of memory
36: 00007FF694F32FD8 
FATAL ERROR: Committing semi space failed. Allocation failed - JavaScript heap out of memory

FATAL ERROR: Committing semi space failed. Allocation failed - JavaScript heap out of memory
#


17: 00007FF694AE0072 v8::base::Thread::StartSynchronously+231474
37: 00007FF615118177 
# Fatal javascript OOM in MemoryChunk allocation failed during deserialization.
----- Native stack trace -----
----- Native stack trace -----
#
<--- Last few GCs --->

----- Native stack trace -----
<--- JS stacktrace --->
18: 00007FF694AD4850 v8::base::Thread::StartSynchronously+184336
#


# Fatal javascript OOM in MemoryChunk allocation failed during deserialization.



19: 00007FF694AE20BB v8::base::Thread::StartSynchronously+239739

#
 1: 00007FF6945271AB 
FATAL ERROR: Committing semi space failed. Allocation failed - JavaScript heap out of memory
20: 00007FF694AE16EC v8::base::Thread::StartSynchronously+237228


 1: 00007FF6945271AB node::SetCppgcReference+16075
 2: 00007FF69449DCC6 
----- Native stack trace -----
21: 00007FF694AE1233 v8::base::Thread::StartSynchronously+236019
<--- JS stacktrace --->
 2: 00007FF69449DCC6 v8::base::CPU::num_virtual_address_bits+79190
 3: 00007FF69449FED5 

22: 00007FF694AE2D0C v8::base::Thread::StartSynchronously+242892

 3: 00007FF69449FED5 v8::base::CPU::num_virtual_address_bits+87909
 4: 00007FF694F0F061 
 1: 00007FF6945271AB node::SetCppgcReference+16075
23: 00007FF694AE0072 v8::base::Thread::StartSynchronously+231474
FATAL ERROR: Committing semi space failed. Allocation failed - JavaScript heap out of memory
 4: 00007FF694F0F061 v8::Isolate::ReportExternalAllocationLimitReached+65
 5: 00007FF694EF87F8 
 2: 00007FF69449DCC6 v8::base::CPU::num_virtual_address_bits+79190
24: 00007FF694AD4850 v8::base::Thread::StartSynchronously+184336
----- Native stack trace -----
 5: 00007FF694EF87F8 v8::Function::Experimental_IsNopFunction+1336
 3: 00007FF69449FED5 v8::base::CPU::num_virtual_address_bits+87909
 6: 00007FF694D5A120 
25: 00007FF694AE8338 v8::base::Thread::StartSynchronously+264952

 6: 00007FF694D5A120 v8::Platform::SystemClockTimeMillis+659328
 4: 00007FF694F0F061 v8::Isolate::ReportExternalAllocationLimitReached+65
26: 00007FF694AE8812 v8::base::Thread::StartSynchronously+266194
 7: 00007FF694D11F23 
 7: 00007FF694D11F23 v8::Platform::SystemClockTimeMillis+363907
 8: 00007FF694D637E0 
 5: 00007FF694EF87F8 v8::Function::Experimental_IsNopFunction+1336
27: 00007FF694ADD91A v8::base::Thread::StartSynchronously+221402
 8: 00007FF694D637E0 v8::Platform::SystemClockTimeMillis+697920
 9: 00007FF694D56E40 
 6: 00007FF694D5A120 v8::Platform::SystemClockTimeMillis+659328
28: 00007FF694ADC993 v8::base::Thread::StartSynchronously+217427
10: 00007FF694D6C4BA 
 9: 00007FF694D56E40 v8::Platform::SystemClockTimeMillis+646304
 7: 00007FF694D11F23 v8::Platform::SystemClockTimeMillis+363907
29: 00007FF694ADE1A4 v8::base::Thread::StartSynchronously+223588
10: 00007FF694D6C4BA v8::Platform::SystemClockTimeMillis+733978
11: 00007FF694D6CD37 
 8: 00007FF694D637E0 v8::Platform::SystemClockTimeMillis+697920
30: 00007FF694ACF0D9 v8::base::Thread::StartSynchronously+161945
11: 00007FF694D6CD37 v8::Platform::SystemClockTimeMillis+736151
12: 00007FF694D76282 
 9: 00007FF694D56E40 v8::Platform::SystemClockTimeMillis+646304
31: 00007FF694AE341F v8::base::Thread::StartSynchronously+244703

12: 00007FF694D7596E v8::Platform::SystemClockTimeMillis+772046
13: 00007FF694D75D16 
10: 00007FF694D6C4BA v8::Platform::SystemClockTimeMillis+733978
32: 00007FF694AC8B82 v8::base::Thread::StartSynchronously+136002
<--- Last few GCs --->
13: 00007FF694D89BF4 v8::Platform::SystemClockTimeMillis+854612
14: 00007FF694800874 
11: 00007FF694D6CD37 v8::Platform::SystemClockTimeMillis+736151
15: 00007FF694A6A1DE 
12: 00007FF694D7596E v8::Platform::SystemClockTimeMillis+772046
14: 00007FF694B291A7 v8::base::Thread::StartSynchronously+530791
33: 00007FF694E651BB v8::SharedValueConveyor::SharedValueConveyor+22075

34: 00007FF694E6A7EB v8::SharedValueConveyor::SharedValueConveyor+44139
15: 00007FF694B2912E v8::base::Thread::StartSynchronously+530670

16: 00007FF694A4D9F6 
13: 00007FF694D89BF4 v8::Platform::SystemClockTimeMillis+854612
35: 00007FF694EF279C v8::ScriptCompiler::CompileFunctionInternal+1260

16: 00007FF694B42C06 v8::base::Thread::StartSynchronously+635846
<--- JS stacktrace --->
17: 00007FF694A4DEC9 
14: 00007FF694B291A7 v8::base::Thread::StartSynchronously+530791
36: 00007FF694EF22A4 v8::ScriptCompiler::CompileFunction+84
17: 00007FF694B438B4 v8::base::Thread::StartSynchronously+639092
<--- Last few GCs --->

18: 00007FF694A4E578 
 1: 00007FF6945271AB node::SetCppgcReference+16075
15: 00007FF694B2912E v8::base::Thread::StartSynchronously+530670
37: 00007FF6944ABC0F node::OnFatalError+48431
18: 00007FF694B4787F v8::base::Thread::StartSynchronously+655423

FATAL ERROR: Committing semi space failed. Allocation failed - JavaScript heap out of memory
19: 00007FF694A4F50B 
16: 00007FF694B42C06 v8::base::Thread::StartSynchronously+635846
38: 00007FF6944AB7DD node::OnFatalError+47357
 2: 00007FF69449DCC6 v8::base::CPU::num_virtual_address_bits+79190
19: 00007FF694B503F2 v8::base::Thread::StartSynchronously+691122
----- Native stack trace -----
20: 00007FF694A4F03D 

17: 00007FF694B438B4 v8::base::Thread::StartSynchronously+639092
39: 00007FF694EC558E v8::SharedValueConveyor::SharedValueConveyor+416270
 3: 00007FF69449FED5 v8::base::CPU::num_virtual_address_bits+87909
20: 00007FF694B25CC0 v8::base::Thread::StartSynchronously+517248

21: 00007FF694A4EA37 
<--- JS stacktrace --->
18: 00007FF694B4787F v8::base::Thread::StartSynchronously+655423
40: 00007FF694EC518A v8::SharedValueConveyor::SharedValueConveyor+415242
 4: 00007FF694F0F061 v8::Isolate::ReportExternalAllocationLimitReached+65
21: 00007FF694B3A854 v8::base::Thread::StartSynchronously+602132
22: 00007FF694A2AB52 

19: 00007FF694B503F2 v8::base::Thread::StartSynchronously+691122
 5: 00007FF694EF87F8 v8::Function::Experimental_IsNopFunction+1336
22: 00007FF694CE2B23 v8::Platform::SystemClockTimeMillis+170371
41: 00007FF694EC544F v8::SharedValueConveyor::SharedValueConveyor+415951
23: 00007FF694FC062E 

20: 00007FF694B25CC0 v8::base::Thread::StartSynchronously+517248
42: 00007FF694EC52C0 v8::SharedValueConveyor::SharedValueConveyor+415552
 6: 00007FF694D5A120 v8::Platform::SystemClockTimeMillis+659328
23: 00007FF694CE10B9 v8::Platform::SystemClockTimeMillis+163609
24: 00007FF69502BD81 
#
21: 00007FF694B3A854 v8::base::Thread::StartSynchronously+602132
43: 00007FF694FC052E v8::PropertyDescriptor::writable+676878
 7: 00007FF694D11F23 v8::Platform::SystemClockTimeMillis+363907
24: 00007FF694FC062E v8::PropertyDescriptor::writable+677134
25: 00007FF694F31BD0 
# Fatal javascript OOM in MemoryChunk allocation failed during deserialization.
22: 00007FF694CE2B23 v8::Platform::SystemClockTimeMillis+170371
44: 00007FF694F31BD0 v8::PropertyDescriptor::writable+92848
 8: 00007FF694D637E0 v8::Platform::SystemClockTimeMillis+697920
25: 00007FF69508B63A v8::PropertyDescriptor::writable+1508634
26: 00007FF694F31BD0 
#
23: 00007FF694CE10B9 v8::Platform::SystemClockTimeMillis+163609
45: 00007FF694F31BD0 v8::PropertyDescriptor::writable+92848
 9: 00007FF694D56E40 v8::Platform::SystemClockTimeMillis+646304
26: 00007FF694F31BD0 v8::PropertyDescriptor::writable+92848
27: 00007FF694F31BD0 

24: 00007FF694FC062E v8::PropertyDescriptor::writable+677134
46: 00007FF694F31BD0 v8::PropertyDescriptor::writable+92848
10: 00007FF694D6C4BA v8::Platform::SystemClockTimeMillis+733978
27: 00007FF694F31BD0 v8::PropertyDescriptor::writable+92848
28: 00007FF694F31BD0 
25: 00007FF69508B63A v8::PropertyDescriptor::writable+1508634
11: 00007FF694D6CD37 v8::Platform::SystemClockTimeMillis+736151
28: 00007FF694F31BD0 v8::PropertyDescriptor::writable+92848
47: 00007FF694F31BD0 v8::PropertyDescriptor::writable+92848
29: 00007FF694F31BD0 
26: 00007FF694F31BD0 v8::PropertyDescriptor::writable+92848
48: 00007FF694F31BD0 v8::PropertyDescriptor::writable+92848
30: 00007FF694F31BD0 
12: 00007FF694D7596E v8::Platform::SystemClockTimeMillis+772046
27: 00007FF694F31BD0 v8::PropertyDescriptor::writable+92848
49: 00007FF694F31BD0 v8::PropertyDescriptor::writable+92848
29: 00007FF694F31BD0 v8::PropertyDescriptor::writable+92848
13: 00007FF694D89BF4 v8::Platform::SystemClockTimeMillis+854612
30: 00007FF694F31BD0 v8::PropertyDescriptor::writable+92848
31: 00007FF694F31BD0 
28: 00007FF694F31BD0 v8::PropertyDescriptor::writable+92848
50: 00007FF694F31BD0 v8::PropertyDescriptor::writable+92848
14: 00007FF694B291A7 v8::base::Thread::StartSynchronously+530791
31: 00007FF694F2FF90 v8::PropertyDescriptor::writable+85616
32: 00007FF694F31BD0 
29: 00007FF694F31BD0 v8::PropertyDescriptor::writable+92848
51: 00007FF615117F4F 
15: 00007FF694B2912E v8::base::Thread::StartSynchronously+530670
32: 00007FF694F2FB8B v8::PropertyDescriptor::writable+84587
 1: 00007FF6945271AB node::SetCppgcReference+16075
33: 00007FF694F2FF90 
30: 00007FF694F31BD0 v8::PropertyDescriptor::writable+92848
16: 00007FF694B42C06 v8::base::Thread::StartSynchronously+635846
 2: 00007FF69449DCC6 v8::base::CPU::num_virtual_address_bits+79190
33: 00007FF694DDA388 v8::PrimitiveArray::Length+3928
34: 00007FF694F2FB8B 
31: 00007FF694F2FF90 v8::PropertyDescriptor::writable+85616
17: 00007FF694B438B4 v8::base::Thread::StartSynchronously+639092
 3: 00007FF69449FED5 v8::base::CPU::num_virtual_address_bits+87909
34: 00007FF694DD9C83 v8::PrimitiveArray::Length+2131
35: 00007FF694DDA388 
32: 00007FF694F2FB8B v8::PropertyDescriptor::writable+84587
18: 00007FF694B4787F v8::base::Thread::StartSynchronously+655423
 4: 00007FF694F0F061 v8::Isolate::ReportExternalAllocationLimitReached+65
36: 00007FF694DD9C83 
35: 00007FF694EEE32B v8::Function::Call+571
33: 00007FF694DDA388 v8::PrimitiveArray::Length+3928
19: 00007FF694B503F2 v8::base::Thread::StartSynchronously+691122
36: 00007FF6944BE3BA node::OnFatalError+124122
 5: 00007FF694EF87F8 v8::Function::Experimental_IsNopFunction+1336
37: 00007FF694EEE32B 
34: 00007FF694DD9C83 v8::PrimitiveArray::Length+2131
20: 00007FF694B25CC0 v8::base::Thread::StartSynchronously+517248
 6: 00007FF694D5A120 v8::Platform::SystemClockTimeMillis+659328
37: 00007FF6944187AE node::TriggerNodeReport+13662
21: 00007FF694B3A854 v8::base::Thread::StartSynchronously+602132
35: 00007FF694EEE32B v8::Function::Call+571
 7: 00007FF694D11F23 v8::Platform::SystemClockTimeMillis+363907
38: 00007FF6944BE3BA 
38: 00007FF69441C473 node::TriggerNodeReport+29219
39: 00007FF69441C41E 
36: 00007FF6944BE3BA node::OnFatalError+124122
22: 00007FF694CE2B23 v8::Platform::SystemClockTimeMillis+170371
 8: 00007FF694D637E0 v8::Platform::SystemClockTimeMillis+697920
39: 00007FF694558887 node::CreateEnvironment+599
40: 00007FF694558887 
37: 00007FF6944187AE node::TriggerNodeReport+13662
23: 00007FF694CE10B9 v8::Platform::SystemClockTimeMillis+163609
 9: 00007FF694D56E40 v8::Platform::SystemClockTimeMillis+646304
 1: 00007FF6945271AB node::SetCppgcReference+16075
38: 00007FF69441C473 node::TriggerNodeReport+29219
41: 00007FF694399894 
40: 00007FF694399894 RSA_meth_get_flags+157524
24: 00007FF694FC062E v8::PropertyDescriptor::writable+677134
10: 00007FF694D6C4BA v8::Platform::SystemClockTimeMillis+733978
41: 00007FF6943951B8 RSA_meth_get_flags+139384
42: 00007FF6943951B8 
39: 00007FF694558887 node::CreateEnvironment+599
25: 00007FF69508B63A v8::PropertyDescriptor::writable+1508634
 2: 00007FF69449DCC6 v8::base::CPU::num_virtual_address_bits+79190
11: 00007FF694D6CD37 v8::Platform::SystemClockTimeMillis+736151
40: 00007FF694399894 RSA_meth_get_flags+157524
26: 00007FF694F31BD0 v8::PropertyDescriptor::writable+92848
42: 00007FF694579B6D uv_poll_stop+237
12: 00007FF694D7596E v8::Platform::SystemClockTimeMillis+772046
43: 00007FF694579B6D 
 3: 00007FF69449FED5 v8::base::CPU::num_virtual_address_bits+87909
43: 00007FF695715180 inflateValidate+153328
44: 00007FF695715180 
41: 00007FF6943951B8 RSA_meth_get_flags+139384
27: 00007FF694F31BD0 v8::PropertyDescriptor::writable+92848
 4: 00007FF694F0F061 v8::Isolate::ReportExternalAllocationLimitReached+65
13: 00007FF694D89BF4 v8::Platform::SystemClockTimeMillis+854612
45: 00007FFAE21FE957 
44: 00007FFAE21FE957 BaseThreadInitThunk+23
42: 00007FF694579B6D uv_poll_stop+237
28: 00007FF694F31BD0 v8::PropertyDescriptor::writable+92848
 5: 00007FF694EF87F8 v8::Function::Experimental_IsNopFunction+1336
14: 00007FF694B291A7 v8::base::Thread::StartSynchronously+530791
45: 00007FFAE3F0427C RtlUserThreadStart+44
46: 00007FFAE3F0427C 
43: 00007FF695715180 inflateValidate+153328
29: 00007FF694F31BD0 v8::PropertyDescriptor::writable+92848
 6: 00007FF694D5A120 v8::Platform::SystemClockTimeMillis+659328
15: 00007FF694B2912E v8::base::Thread::StartSynchronously+530670
44: 00007FFAE21FE957 BaseThreadInitThunk+23
 7: 00007FF694D11F23 v8::Platform::SystemClockTimeMillis+363907
30: 00007FF694F31BD0 v8::PropertyDescriptor::writable+92848
16: 00007FF694B42C06 v8::base::Thread::StartSynchronously+635846
 8: 00007FF694D637E0 v8::Platform::SystemClockTimeMillis+697920
31: 00007FF694F2FF90 v8::PropertyDescriptor::writable+85616
45: 00007FFAE3F0427C RtlUserThreadStart+44
17: 00007FF694B438B4 v8::base::Thread::StartSynchronously+639092
32: 00007FF694F2FB8B v8::PropertyDescriptor::writable+84587
18: 00007FF694B4787F v8::base::Thread::StartSynchronously+655423
 9: 00007FF694D56E40 v8::Platform::SystemClockTimeMillis+646304
33: 00007FF694DDA388 v8::PrimitiveArray::Length+3928
10: 00007FF694D6C4BA v8::Platform::SystemClockTimeMillis+733978
19: 00007FF694B503F2 v8::base::Thread::StartSynchronously+691122
34: 00007FF694DD9C83 v8::PrimitiveArray::Length+2131
11: 00007FF694D6CD37 v8::Platform::SystemClockTimeMillis+736151
20: 00007FF694B25CC0 v8::base::Thread::StartSynchronously+517248
35: 00007FF694EEE32B v8::Function::Call+571
12: 00007FF694D7596E v8::Platform::SystemClockTimeMillis+772046
21: 00007FF694B3A854 v8::base::Thread::StartSynchronously+602132
36: 00007FF6944BE3BA node::OnFatalError+124122
13: 00007FF694D87E5C v8::Platform::SystemClockTimeMillis+847036
22: 00007FF694CE2B23 v8::Platform::SystemClockTimeMillis+170371
37: 00007FF6944187AE node::TriggerNodeReport+13662
14: 00007FF694E3634B v8::Proxy::GetTarget+55275
23: 00007FF694CE10B9 v8::Platform::SystemClockTimeMillis+163609
38: 00007FF69441C473 node::TriggerNodeReport+29219
15: 00007FF694CA7058 v8::base::time_internal::TimeBase<v8::base::TimeTicks>::operator!=+199016
24: 00007FF694FC062E v8::PropertyDescriptor::writable+677134
39: 00007FF694558887 node::CreateEnvironment+599
16: 00007FF694CADDB5 v8::base::time_internal::TimeBase<v8::base::TimeTicks>::operator!=+227013
25: 00007FF69508B63A v8::PropertyDescriptor::writable+1508634
40: 00007FF694399894 RSA_meth_get_flags+157524
17: 00007FF694C8F4C1 v8::base::time_internal::TimeBase<v8::base::TimeTicks>::operator!=+101841
26: 00007FF694F31BD0 v8::PropertyDescriptor::writable+92848
41: 00007FF6943951B8 RSA_meth_get_flags+139384
18: 00007FF694C87746 v8::base::time_internal::TimeBase<v8::base::TimeTicks>::operator!=+69718
27: 00007FF694F31BD0 v8::PropertyDescriptor::writable+92848
19: 00007FF694C8818E v8::base::time_internal::TimeBase<v8::base::TimeTicks>::operator!=+72350
42: 00007FF694579B6D uv_poll_stop+237
28: 00007FF694F31BD0 v8::PropertyDescriptor::writable+92848
43: 00007FF695715180 inflateValidate+153328
20: 00007FF694E6754E v8::SharedValueConveyor::SharedValueConveyor+31182
29: 00007FF694F31BD0 v8::PropertyDescriptor::writable+92848
44: 00007FFAE21FE957 BaseThreadInitThunk+23
21: 00007FF694E5FC52 v8::SharedValueConveyor::SharedValueConveyor+210
30: 00007FF694F31BD0 v8::PropertyDescriptor::writable+92848
45: 00007FFAE3F0427C RtlUserThreadStart+44
22: 00007FF694E60842 v8::SharedValueConveyor::SharedValueConveyor+3266
31: 00007FF694F2FF90 v8::PropertyDescriptor::writable+85616
23: 00007FF694E63C95 v8::SharedValueConveyor::SharedValueConveyor+16661
32: 00007FF694F2FB8B v8::PropertyDescriptor::writable+84587
24: 00007FF694E63564 v8::SharedValueConveyor::SharedValueConveyor+14820
33: 00007FF694DDA388 v8::PrimitiveArray::Length+3928
25: 00007FF694BC28C2 v8::base::Thread::StartSynchronously+1159298
34: 00007FF694DD9C83 v8::PrimitiveArray::Length+2131
26: 00007FF694BC3871 v8::base::Thread::StartSynchronously+1163313
35: 00007FF694EEE32B v8::Function::Call+571
27: 00007FF694BC424C v8::base::Thread::StartSynchronously+1165836
36: 00007FF6944BE3BA node::OnFatalError+124122
28: 00007FF694BA7A7C v8::base::Thread::StartSynchronously+1049148
37: 00007FF6944187AE node::TriggerNodeReport+13662
29: 00007FF694A3469D v8::CodeEvent::GetFunctionName+86749
38: 00007FF69441C473 node::TriggerNodeReport+29219
30: 00007FF694FC062E v8::PropertyDescriptor::writable+677134
39: 00007FF694558887 node::CreateEnvironment+599
31: 00007FF694F2F026 v8::PropertyDescriptor::writable+81670
40: 00007FF694399894 RSA_meth_get_flags+157524
32: 00007FF69507C936 v8::PropertyDescriptor::writable+1447958
41: 00007FF6943951B8 RSA_meth_get_flags+139384
33: 00007FF694F31BD0 v8::PropertyDescriptor::writable+92848
42: 00007FF694579B6D uv_poll_stop+237
34: 00007FF694FE6B81 v8::PropertyDescriptor::writable+834145
43: 00007FF695715180 inflateValidate+153328
35: 00007FF694F31BD0 v8::PropertyDescriptor::writable+92848
44: 00007FFAE21FE957 BaseThreadInitThunk+23
36: 00007FF694F31BD0 v8::PropertyDescriptor::writable+92848
45: 00007FFAE3F0427C 
37: 00007FF694F2FF90 v8::PropertyDescriptor::writable+85616
38: 00007FF694F2FB8B v8::PropertyDescriptor::writable+84587
39: 00007FF694DDA388 v8::PrimitiveArray::Length+3928
40: 00007FF694DD9C83 v8::PrimitiveArray::Length+2131
41: 00007FF694EEE32B v8::Function::Call+571
42: 00007FF6944BE3BA node::OnFatalError+124122
43: 00007FF69441C41E node::TriggerNodeReport+29134
44: 00007FF694558887 node::CreateEnvironment+599
45: 00007FF694399894 RSA_meth_get_flags+157524
46: 00007FF6943951B8 RSA_meth_get_flags+139384
47: 00007FF694579B6D uv_poll_stop+237
48: 00007FF695715180 inflateValidate+153328
49: 00007FFAE21FE957 BaseThreadInitThunk+23
50: 00007FFAE3F0427C RtlUserThreadStart+44

#
# Fatal process OOM in Failed to reserve virtual memory for CodeRange
#


<--- Last few GCs --->


<--- JS stacktrace --->

FATAL ERROR: Committing semi space failed. Allocation failed - JavaScript heap out of memory
----- Native stack trace -----


<--- Last few GCs --->

[4020:00000239C5C70080]     6167 ms: Scavenge 7.8 (9.9) -> 6.8 (10.4) MB, 0.97 / 0.00 ms  (average mu = 1.000, current mu = 1.000) allocation failure; 
[4020:00000239C5C70080]     7601 ms: Scavenge 9.0 (11.2) -> 8.2 (16.4) MB, 5.74 / 0.00 ms  (average mu = 1.000, current mu = 1.000) allocation failure; 
[4020:00000239C5C70080]    10886 ms: Scavenge 12.6 (16.9) -> 10.4 (17.9) MB, 1004.43 / 0.00 ms  (average mu = 1.000, current mu = 1.000) allocation failure; 


<--- JS stacktrace --->

FATAL ERROR: NewSpace::EnsureCurrentCapacity Allocation failed - JavaScript heap out of memory
----- Native stack trace -----


<--- Last few GCs --->
 1: 00007FF6945271AB 
 1: 00007FF6945271AB node::SetCppgcReference+16075


<--- JS stacktrace --->
 2: 00007FF69449DCC6 
 2: 00007FF69449DCC6 v8::base::CPU::num_virtual_address_bits+79190

 3: 00007FF69449FED5 
 3: 00007FF69449FED5 v8::base::CPU::num_virtual_address_bits+87909

 4: 00007FF694F0F061 
 4: 00007FF694F0F061 v8::Isolate::ReportExternalAllocationLimitReached+65
#
 5: 00007FF694EF87F8 
 5: 00007FF694EF87F8 v8::Function::Experimental_IsNopFunction+1336
# Fatal javascript OOM in MemoryChunk allocation failed during deserialization.
 6: 00007FF694D5A120 
 6: 00007FF694D5A120 v8::Platform::SystemClockTimeMillis+659328
#
 7: 00007FF694D11F23 
 7: 00007FF694D33620 v8::Platform::SystemClockTimeMillis+500864

 8: 00007FF694D637E0 
 8: 00007FF694D60D6A v8::Platform::SystemClockTimeMillis+687050
 9: 00007FF694D56E40 
 9: 00007FF694D6382C v8::Platform::SystemClockTimeMillis+697996
10: 00007FF694D6C4BA 
10: 00007FF694D56E40 v8::Platform::SystemClockTimeMillis+646304
11: 00007FF694D6CD37 
11: 00007FF694D5A1A2 v8::Platform::SystemClockTimeMillis+659458
12: 00007FF694D7596E 
12: 00007FF694D4F07F v8::Platform::SystemClockTimeMillis+614111
13: 00007FF694D89BF4 
13: 00007FF694429E83 X509_STORE_get_cleanup+4707
14: 00007FF694B291A7 
14: 00007FF6944288A6 node::TriggerNodeReport+79446
15: 00007FF694B2912E 
15: 00007FF69458B91B uv_update_time+491
16: 00007FF694B42C06 
16: 00007FF69458B494 uv_run+900
17: 00007FF694B438B4 
17: 00007FF69455C382 node::SpinEventLoop+402
18: 00007FF694B4787F 
18: 00007FF69444E183 X509_STORE_get_cleanup+152931
19: 00007FF694B503F2 
19: 00007FF6944E0715 node::Start+3989
20: 00007FF694B25CC0 
20: 00007FF6944DF7B0 node::Start+48
21: 00007FF694B3A854 
21: 00007FF6942BD4FC AES_cbc_encrypt+150316
22: 00007FF694CE2B23 
22: 00007FF6956F3E2C inflateValidate+17308
23: 00007FF694CE10B9 
23: 00007FFAE21FE957 BaseThreadInitThunk+23
24: 00007FF694FC062E 
24: 00007FFAE3F0427C RtlUserThreadStart+44
25: 00007FF69508B63A 
26: 00007FF694F31BD0 
27: 00007FF694F31BD0 
28: 00007FF694F31BD0 
29: 00007FF694F31BD0 
30: 00007FF694F31BD0 
31: 00007FF694F2FF90 
32: 00007FF694F2FB8B 
33: 00007FF694DDA388 
34: 00007FF694DD9C83 
35: 00007FF694EEE32B 
36: 00007FF6944BE3BA 
37: 00007FF6944187AE 
38: 00007FF69441C473 
39: 00007FF694558887 
40: 00007FF694399894 
41: 00007FF6943951B8 
42: 00007FF694579B6D 
43: 00007FF695715180 
44: 00007FFAE21FE957 BaseThreadInitThunk+23
45: 00007FFAE3F0427C 

<--- Last few GCs --->


<--- JS stacktrace --->

FATAL ERROR: Committing semi space failed. Allocation failed - JavaScript heap out of memory

----- Native stack trace -----
<--- Last few GCs --->



<--- JS stacktrace --->
 1: 00007FF6945271AB 

 2: 00007FF69449DCC6 

 3: 00007FF69449FED5 
#
 4: 00007FF694F0F061 
# Fatal javascript OOM in MemoryChunk allocation failed during deserialization.
 5: 00007FF694EF87F8 
#
 6: 00007FF694D5A120 

 7: 00007FF694D11F23 
 8: 00007FF694D637E0 
 9: 00007FF694D56E40 
10: 00007FF694D6C4BA 
11: 00007FF694D6CD37 
12: 00007FF694D7596E 
13: 00007FF694D89BF4 
14: 00007FF694B291A7 
15: 00007FF694B2912E 
16: 00007FF694B42C06 
17: 00007FF694B438B4 
18: 00007FF694B4787F 
19: 00007FF694B503F2 
20: 00007FF694B25CC0 
21: 00007FF694B3A854 
22: 00007FF694CE2B23 
23: 00007FF694CE10B9 
24: 00007FF694FC062E 
25: 00007FF69508B63A 
26: 00007FF694F31BD0 
27: 00007FF694F31BD0 
28: 00007FF694F31BD0 
29: 00007FF694F31BD0 
30: 00007FF694F31BD0 
31: 00007FF694F2FF90 
32: 00007FF694F2FB8B 
33: 00007FF694DDA388 
34: 00007FF694DD9C83 
35: 00007FF694EEE32B 
36: 00007FF6944BE3BA 
37: 00007FF6944187AE 
38: 00007FF69441C473 
39: 00007FF694558887 
40: 00007FF694399894 
41: 00007FF6943951B8 
42: 00007FF694579B6D 
43: 00007FF695715180 
44: 00007FFAE21FE957 BaseThreadInitThunk+23
45: 00007FFAE3F0427C RtlUserThreadStart+44

<--- Last few GCs --->


<--- JS stacktrace --->

FATAL ERROR: Committing semi space failed. Allocation failed - JavaScript heap out of memory
----- Native stack trace -----



#
# Fatal error in , line 0
# Out of memory: HashMap::Initialize
#
#
#
#FailureMessage Object: 000000AF0EDFC110
----- Native stack trace -----


<--- Last few GCs --->


<--- JS stacktrace --->

FATAL ERROR: Committing semi space failed. Allocation failed - JavaScript heap out of memory
----- Native stack trace -----

 1: 00007FF6945271AB node::SetCppgcReference+16075
 2: 00007FF69449DCC6 v8::base::CPU::num_virtual_address_bits+79190
 3: 00007FF69449FED5 v8::base::CPU::num_virtual_address_bits+87909
 4: 00007FF694F0F061 v8::Isolate::ReportExternalAllocationLimitReached+65
 5: 00007FF694EF87F8 v8::Function::Experimental_IsNopFunction+1336
 6: 00007FF694D5A120 v8::Platform::SystemClockTimeMillis+659328
 7: 00007FF694D11F23 v8::Platform::SystemClockTimeMillis+363907
 8: 00007FF694D637E0 v8::Platform::SystemClockTimeMillis+697920
 9: 00007FF694D56E40 v8::Platform::SystemClockTimeMillis+646304

10: 00007FF694D6C4BA v8::Platform::SystemClockTimeMillis+733978
<--- Last few GCs --->
11: 00007FF694D6CD37 v8::Platform::SystemClockTimeMillis+736151

12: 00007FF694D821CE v8::Platform::SystemClockTimeMillis+823342
13: 00007FF694CB971C v8::Platform::SystemClockTimeMillis+1404
14: 00007FF694CBB734 v8::Platform::SystemClockTimeMillis+9620

15: 00007FF694EE8DF8 v8::SharedValueConveyor::SharedValueConveyor+561784
<--- JS stacktrace --->
16: 00007FF694F0AC41 v8::SharedArrayBuffer::NewBackingStore+369

17: 00007FF694EF8E03 v8::Context::FromSnapshot+131
FATAL ERROR: Committing semi space failed. Allocation failed - JavaScript heap out of memory
18: 00007FF6943992BB RSA_meth_get_flags+156027
----- Native stack trace -----
19: 00007FF6943951B8 RSA_meth_get_flags+139384

20: 00007FF694579B6D uv_poll_stop+237
21: 00007FF695715180 inflateValidate+153328
22: 00007FFAE21FE957 BaseThreadInitThunk+23
23: 00007FFAE3F0427C RtlUserThreadStart+44
 1: 00007FF6945271AB node::SetCppgcReference+16075
 1: 00007FF6945271AB 
 2: 00007FF69442649F node::TriggerNodeReport+70223
 3: 00007FF6952F2E72 V8_Fatal+162
 2: 00007FF69449DCC6 
 4: 00007FF694EE7673 v8::SharedValueConveyor::SharedValueConveyor+555763
 3: 00007FF69449FED5 
 5: 00007FF694EE70C6 v8::SharedValueConveyor::SharedValueConveyor+554310
 4: 00007FF694F0F061 
 6: 00007FF694EE7391 v8::SharedValueConveyor::SharedValueConveyor+555025
 5: 00007FF694EF87F8 
 7: 00007FF694EE7207 v8::SharedValueConveyor::SharedValueConveyor+554631
 6: 00007FF694D5A120 
 8: 00007FF694AA9BD1 v8::base::Thread::StartSynchronously+9105
 7: 00007FF694D11F23 
 9: 00007FF694ACFA1D v8::base::Thread::StartSynchronously+164317
 8: 00007FF694D637E0 
10: 00007FF694AE2BB5 v8::base::Thread::StartSynchronously+242549
 9: 00007FF694D56E40 
11: 00007FF694AE0072 v8::base::Thread::StartSynchronously+231474
10: 00007FF694D6C4BA 
12: 00007FF694AD4850 v8::base::Thread::StartSynchronously+184336
11: 00007FF694D6CD37 
13: 00007FF694AD379D v8::base::Thread::StartSynchronously+180061
12: 00007FF694D7596E 
14: 00007FF694ADFBA1 v8::base::Thread::StartSynchronously+230241
13: 00007FF694D87E5C 
15: 00007FF694AE00B0 v8::base::Thread::StartSynchronously+231536
14: 00007FF694E3634B 
16: 00007FF694AD4850 v8::base::Thread::StartSynchronously+184336
15: 00007FF694CA7058 
17: 00007FF694AD9D9E v8::base::Thread::StartSynchronously+206174
16: 00007FF694CADDB5 
18: 00007FF694ADA1C7 v8::base::Thread::StartSynchronously+207239
17: 00007FF694C8F4C1 
19: 00007FF694AE6554 v8::base::Thread::StartSynchronously+257300
18: 00007FF694C87746 
20: 00007FF694ADD91A v8::base::Thread::StartSynchronously+221402
19: 00007FF694C8818E 
21: 00007FF694ADC993 v8::base::Thread::StartSynchronously+217427
20: 00007FF694E6754E 
22: 00007FF694ADE1A4 v8::base::Thread::StartSynchronously+223588
21: 00007FF694E5FC52 
23: 00007FF694ACF0D9 v8::base::Thread::StartSynchronously+161945
22: 00007FF694E60842 
24: 00007FF694AE341F v8::base::Thread::StartSynchronously+244703
23: 00007FF694E63C95 
25: 00007FF694AC8B82 v8::base::Thread::StartSynchronously+136002
24: 00007FF694E63564 
26: 00007FF694E651BB v8::SharedValueConveyor::SharedValueConveyor+22075
25: 00007FF694BC28C2 
27: 00007FF694E6A7EB v8::SharedValueConveyor::SharedValueConveyor+44139
26: 00007FF694BC3871 
28: 00007FF694EF279C v8::ScriptCompiler::CompileFunctionInternal+1260
27: 00007FF694BC424C 
29: 00007FF694EF22A4 v8::ScriptCompiler::CompileFunction+84
28: 00007FF694BA7A7C 
30: 00007FF6944C0ACE node::OnFatalError+134126
29: 00007FF694A3469D 
31: 00007FF6944C0517 node::OnFatalError+132663
30: 00007FF694FC062E 
32: 00007FF6944BE541 node::OnFatalError+124513
31: 00007FF694F2F026 
33: 00007FF694EC558E v8::SharedValueConveyor::SharedValueConveyor+416270
32: 00007FF69507C936 
34: 00007FF694EC518A v8::SharedValueConveyor::SharedValueConveyor+415242
33: 00007FF694F31BD0 
35: 00007FF694EC544F v8::SharedValueConveyor::SharedValueConveyor+415951
34: 00007FF694FE6B81 
36: 00007FF694EC52C0 v8::SharedValueConveyor::SharedValueConveyor+415552
35: 00007FF694F31BD0 
36: 00007FF694F31BD0 
37: 00007FF694FC052E v8::PropertyDescriptor::writable+676878
38: 00007FF694F31BD0 v8::PropertyDescriptor::writable+92848
37: 00007FF694F2FF90 
39: 00007FF694F31BD0 v8::PropertyDescriptor::writable+92848
38: 00007FF694F2FB8B 
40: 00007FF694F31BD0 v8::PropertyDescriptor::writable+92848
39: 00007FF694DDA388 
41: 00007FF694F31BD0 v8::PropertyDescriptor::writable+92848
40: 00007FF694DD9C83 
42: 00007FF694F2FF90 v8::PropertyDescriptor::writable+85616
41: 00007FF694EEE32B 
43: 00007FF694F2FB8B v8::PropertyDescriptor::writable+84587
42: 00007FF6944BE3BA 
44: 00007FF694DDA388 v8::PrimitiveArray::Length+3928
43: 00007FF69441C41E 
45: 00007FF694DD9C83 v8::PrimitiveArray::Length+2131
44: 00007FF694558887 
46: 00007FF694EEE32B v8::Function::Call+571
45: 00007FF694399894 
47: 00007FF6944BE3BA node::OnFatalError+124122
46: 00007FF6943951B8 
48: 00007FF69441C41E node::TriggerNodeReport+29134
47: 00007FF694579B6D 
49: 00007FF694558887 node::CreateEnvironment+599
48: 00007FF695715180 
50: 00007FF694399894 RSA_meth_get_flags+157524
49: 00007FFAE21FE957 BaseThreadInitThunk+23
51: 00007FF6943951B8 RSA_meth_get_flags+139384
50: 00007FFAE3F0427C RtlUserThreadStart+44
52: 00007FF694579B6D uv_poll_stop+237
53: 00007FF695715180 inflateValidate+153328
54: 00007FFAE21FE957 
55: 00007FFAE3F0427C 
 1: 00007FF6945271AB node::SetCppgcReference+16075
 2: 00007FF69449DCC6 v8::base::CPU::num_virtual_address_bits+79190
 3: 00007FF69449FED5 v8::base::CPU::num_virtual_address_bits+87909
 4: 00007FF694F0F061 v8::Isolate::ReportExternalAllocationLimitReached+65
 5: 00007FF694EF87F8 v8::Function::Experimental_IsNopFunction+1336
 6: 00007FF694D5A120 v8::Platform::SystemClockTimeMillis+659328
 7: 00007FF694D11F23 v8::Platform::SystemClockTimeMillis+363907
 8: 00007FF694D637E0 v8::Platform::SystemClockTimeMillis+697920
 9: 00007FF694D56E40 v8::Platform::SystemClockTimeMillis+646304
10: 00007FF694D6C4BA v8::Platform::SystemClockTimeMillis+733978
11: 00007FF694D6CD37 v8::Platform::SystemClockTimeMillis+736151
12: 00007FF694D7596E v8::Platform::SystemClockTimeMillis+772046
13: 00007FF694D89BF4 v8::Platform::SystemClockTimeMillis+854612
14: 00007FF694B291A7 v8::base::Thread::StartSynchronously+530791
15: 00007FF694B2912E v8::base::Thread::StartSynchronously+530670
16: 00007FF694B42C06 v8::base::Thread::StartSynchronously+635846
17: 00007FF694B438B4 v8::base::Thread::StartSynchronously+639092
18: 00007FF694B4787F v8::base::Thread::StartSynchronously+655423
19: 00007FF694B503F2 v8::base::Thread::StartSynchronously+691122
20: 00007FF694B25CC0 v8::base::Thread::StartSynchronously+517248
21: 00007FF694B3A854 v8::base::Thread::StartSynchronously+602132
22: 00007FF694CE2B23 v8::Platform::SystemClockTimeMillis+170371
23: 00007FF694CE10B9 v8::Platform::SystemClockTimeMillis+163609
24: 00007FF694FC062E v8::PropertyDescriptor::writable+677134
25: 00007FF69508B63A v8::PropertyDescriptor::writable+1508634
26: 00007FF694F31BD0 v8::PropertyDescriptor::writable+92848
27: 00007FF694F31BD0 v8::PropertyDescriptor::writable+92848
28: 00007FF694F31BD0 v8::PropertyDescriptor::writable+92848
29: 00007FF694F31BD0 v8::PropertyDescriptor::writable+92848
30: 00007FF694F31BD0 v8::PropertyDescriptor::writable+92848
31: 00007FF694F2FF90 v8::PropertyDescriptor::writable+85616
32: 00007FF694F2FB8B v8::PropertyDescriptor::writable+84587
33: 00007FF694DDA388 v8::PrimitiveArray::Length+3928
34: 00007FF694DD9C83 v8::PrimitiveArray::Length+2131
35: 00007FF694EEE32B v8::Function::Call+571
36: 00007FF6944BE3BA node::OnFatalError+124122
37: 00007FF6944187AE node::TriggerNodeReport+13662
38: 00007FF69441C473 node::TriggerNodeReport+29219
39: 00007FF694558887 node::CreateEnvironment+599
40: 00007FF694399894 RSA_meth_get_flags+157524
41: 00007FF6943951B8 RSA_meth_get_flags+139384
42: 00007FF694579B6D uv_poll_stop+237
43: 00007FF695715180 inflateValidate+153328
44: 00007FFAE21FE957 BaseThreadInitThunk+23
45: 00007FFAE3F0427C RtlUserThreadStart+44

<--- Last few GCs --->

[61212:000001A82D610080]     1214 ms: Scavenge 4.9 (6.3) -> 4.8 (7.0) MB, 1.16 / 0.00 ms  (average mu = 1.000, current mu = 1.000) allocation failure; 
[61212:000001A82D610080]     1219 ms: Scavenge 6.4 (7.8) -> 5.5 (9.0) MB, 1.21 / 0.00 ms  (average mu = 1.000, current mu = 1.000) allocation failure; 


<--- JS stacktrace --->

FATAL ERROR: Zone Allocation failed - process out of memory
----- Native stack trace -----



#
# Fatal error in , line 0
# Out of memory: HashMap::Initialize
#
#
#
#FailureMessage Object: 000000AB69FFB2E0
----- Native stack trace -----

 1: 00007FF6945271AB 
 2: 00007FF69442649F 
 3: 00007FF6952F2E72 
 4: 00007FF694EE7673 
 5: 00007FF694EE70C6 
 6: 00007FF694EE7391 
 7: 00007FF694EE7207 
 8: 00007FF694AA9BD1 
 9: 00007FF694ACFA1D 
10: 00007FF694AE2BB5 
11: 00007FF694AE0072 
12: 00007FF694AD4850 
13: 00007FF694AE20BB 
14: 00007FF694AE16EC 
15: 00007FF694AE1233 
16: 00007FF694AE2D0C 
17: 00007FF694AE0072 
18: 00007FF694AD4850 
19: 00007FF694AE20BB 
20: 00007FF694AE16EC 
21: 00007FF694AE1233 
22: 00007FF694AE2D0C 
23: 00007FF694AE0072 
24: 00007FF694AD4850 
25: 00007FF694AE8338 
26: 00007FF694AE8812 
27: 00007FF694ADD91A 
28: 00007FF694ADC993 
29: 00007FF694ADE1A4 
30: 00007FF694ACF0D9 

31: 00007FF694AE341F 
<--- Last few GCs --->

32: 00007FF694AC8B82 

<--- Last few GCs --->
33: 00007FF694E651BB 
[60976:0000012D2E2A0080]     1233 ms: Scavenge 7.8 (9.9) -> 6.8 (10.4) MB, 1.26 / 0.00 ms  (average mu = 1.000, current mu = 1.000) allocation failure; 

34: 00007FF694E6A7EB 
[60976:0000012D2E2A0080]    11422 ms: Scavenge 9.0 (11.2) -> 8.2 (12.2) MB, 2015.22 / 0.00 ms  (average mu = 1.000, current mu = 1.000) allocation failure; 
[12404:000001F4302F0080]       99 ms: Scavenge 4.9 (6.3) -> 4.7 (7.0) MB, 1.57 / 0.00 ms  (average mu = 1.000, current mu = 1.000) allocation failure; 
35: 00007FF694EF279C 
[60976:0000012D2E2A0080]    11465 ms: Scavenge 10.0 (12.4) -> 9.3 (10.4) MB, 0.64 / 0.00 ms  (average mu = 1.000, current mu = 1.000) allocation failure; 
[12404:000001F4302F0080]      106 ms: Scavenge 6.4 (7.8) -> 5.5 (9.0) MB, 1.29 / 0.00 ms  (average mu = 1.000, current mu = 1.000) allocation failure; 
36: 00007FF694EF22A4 

[12404:000001F4302F0080]    11270 ms: Scavenge 7.8 (9.9) -> 6.8 (7.7) MB, 3025.30 / 0.00 ms  (average mu = 1.000, current mu = 1.000) allocation failure; 
37: 00007FF6944ABC0F 


38: 00007FF6944AB7DD 
<--- JS stacktrace --->

39: 00007FF694EC558E 

<--- JS stacktrace --->
40: 00007FF694EC518A 
FATAL ERROR: Committing semi space failed. Allocation failed - JavaScript heap out of memory

41: 00007FF694EC544F 
----- Native stack trace -----
FATAL ERROR: Zone Allocation failed - process out of memory
42: 00007FF694EC52C0 

----- Native stack trace -----
43: 00007FF694FC052E 

44: 00007FF694F31BD0 
45: 00007FF694F31BD0 
46: 00007FF694F31BD0 
47: 00007FF694F31BD0 
48: 00007FF694F31BD0 
49: 00007FF694F31BD0 
50: 00007FF694F31BD0 
 1: 00007FF6945271AB node::SetCppgcReference+16075
51: 00007FF615117F4F 
 2: 00007FF69449DCC6 v8::base::CPU::num_virtual_address_bits+79190
 3: 00007FF69449FED5 v8::base::CPU::num_virtual_address_bits+87909
 4: 00007FF694F0F061 v8::Isolate::ReportExternalAllocationLimitReached+65
 5: 00007FF694EF87F8 v8::Function::Experimental_IsNopFunction+1336
 6: 00007FF6949DAF54 v8::SnapshotCreator::GetIsolate+53284
 7: 00007FF694A7DD48 v8::base::CPU::has_neon+11160
 8: 00007FF694A7BBA0 v8::base::CPU::has_neon+2544
 9: 00007FF694A7D73D v8::base::CPU::has_neon+9613
10: 00007FF694A7FF15 v8::base::CPU::has_neon+19813
11: 00007FF694A6A1DE v8::PropertyDescriptor::value+123358
12: 00007FF694A4D9F6 v8::PropertyDescriptor::value+6646
13: 00007FF694A4DEC9 v8::PropertyDescriptor::value+7881
14: 00007FF694A4E578 v8::PropertyDescriptor::value+9592
 1: 00007FF6945271AB 
15: 00007FF694A4F50B v8::PropertyDescriptor::value+13579
16: 00007FF694A4F03D v8::PropertyDescriptor::value+12349
17: 00007FF694A4EA37 v8::PropertyDescriptor::value+10807
 2: 00007FF69449DCC6 
18: 00007FF694A2AB52 v8::CodeEvent::GetFunctionName+46994
 3: 00007FF69449FED5 
19: 00007FF694FC062E v8::PropertyDescriptor::writable+677134
 4: 00007FF694F0F061 
20: 00007FF69502BD81 v8::PropertyDescriptor::writable+1117281
 5: 00007FF694EF87F8 
 1: 00007FF6945271AB 
 6: 00007FF694D5A120 
21: 00007FF694F31BD0 v8::PropertyDescriptor::writable+92848
22: 00007FF694F31BD0 v8::PropertyDescriptor::writable+92848
 7: 00007FF694D11F23 
 2: 00007FF69449DCC6 
23: 00007FF694F31BD0 v8::PropertyDescriptor::writable+92848
 8: 00007FF694D637E0 
 3: 00007FF69449FED5 
24: 00007FF694F31BD0 v8::PropertyDescriptor::writable+92848
 9: 00007FF694D56E40 
 4: 00007FF694F0F061 
25: 00007FF694F31BD0 v8::PropertyDescriptor::writable+92848
10: 00007FF694D6C4BA 
 5: 00007FF694EF87F8 
26: 00007FF694F31BD0 v8::PropertyDescriptor::writable+92848
11: 00007FF694D6CD37 
 6: 00007FF6949DAF54 
27: 00007FF694F31BD0 v8::PropertyDescriptor::writable+92848
12: 00007FF694D7B62F 
 7: 00007FF694C8A9A4 
13: 00007FF694A3BBE5 
 8: 00007FF694C8B1C3 
28: 00007FF694F31BD0 v8::PropertyDescriptor::writable+92848
29: 00007FF694F31BD0 v8::PropertyDescriptor::writable+92848
14: 00007FF694FC062E 
 9: 00007FF694CB5CA3 
30: 00007FF615117F4F 
15: 00007FF695035BE9 
10: 00007FF694C94292 
16: 00007FF695035F8E 
11: 00007FF694C915E6 
17: 00007FF694F31BD0 
12: 00007FF694CA0168 
18: 00007FF694F31BD0 
13: 00007FF694C9979A 
19: 00007FF61513EA23 
14: 00007FF694C9CAA9 
15: 00007FF694C9FA92 
16: 00007FF694C9979A 
17: 00007FF694CA2BB6 
18: 00007FF694C99D7B 
19: 00007FF694C99C54 
20: 00007FF694C9FA62 
21: 00007FF694C9979A 
22: 00007FF694CA2BB6 
23: 00007FF694C98108 
24: 00007FF694C97A41 
25: 00007FF694C87FA0 
26: 00007FF694E60729 
27: 00007FF694E654CF 
28: 00007FF694E6A7EB 
29: 00007FF694EF279C 
30: 00007FF694EF22A4 
31: 00007FF6944C0ACE 
32: 00007FF6944C0517 
33: 00007FF6944BE541 
34: 00007FF694EC558E 
35: 00007FF694EC518A 
36: 00007FF694EC544F 
37: 00007FF694EC52C0 
38: 00007FF694FC052E 
39: 00007FF615104126 

<--- Last few GCs --->


<--- JS stacktrace --->

FATAL ERROR: Committing semi space failed. Allocation failed - JavaScript heap out of memory
----- Native stack trace -----

 1: 00007FF6945271AB 
 2: 00007FF69449DCC6 
 3: 00007FF69449FED5 
 4: 00007FF694F0F061 
 5: 00007FF694EF87F8 
 6: 00007FF694D5A120 
 7: 00007FF694D11F23 
 8: 00007FF694D637E0 
 9: 00007FF694D56E40 
10: 00007FF694D6C4BA 
11: 00007FF694D6CD37 
12: 00007FF694D7596E 
13: 00007FF694D89BF4 
14: 00007FF694B291A7 
15: 00007FF694B2912E 
16: 00007FF694B42C06 
17: 00007FF694B438B4 
18: 00007FF694B4787F 
19: 00007FF694B503F2 
20: 00007FF694B25CC0 
21: 00007FF694B3A854 
22: 00007FF694CE2B23 
23: 00007FF694CE10B9 
24: 00007FF694FC062E 
25: 00007FF69508B63A 
26: 00007FF694F31BD0 
27: 00007FF694F31BD0 
28: 00007FF694F31BD0 
29: 00007FF694F31BD0 
30: 00007FF694F31BD0 
31: 00007FF694F2FF90 
32: 00007FF694F2FB8B 
33: 00007FF694DDA388 
34: 00007FF694DD9C83 
35: 00007FF694EEE32B 
36: 00007FF6944BE3BA 
37: 00007FF6944187AE 
38: 00007FF69441C473 
39: 00007FF694558887 
40: 00007FF694399894 

41: 00007FF6943951B8 
<--- Last few GCs --->
42: 00007FF694579B6D 

43: 00007FF695715180 
[6528:000001AF757C0080]     4164 ms: Scavenge 4.9 (6.3) -> 4.8 (6.0) MB, 1.12 / 0.00 ms  (average mu = 1.000, current mu = 1.000) allocation failure; 
44: 00007FFAE21FE957 BaseThreadInitThunk+23
[6528:000001AF757C0080]     4168 ms: Scavenge 6.4 (6.8) -> 5.5 (7.0) MB, 1.11 / 0.00 ms  (average mu = 1.000, current mu = 1.000) allocation failure; 
45: 00007FFAE3F0427C RtlUserThreadStart+44
[6528:000001AF757C0080]     4175 ms: Scavenge 5.7 (7.0) -> 5.3 (6.3) MB, 0.58 / 0.00 ms  (average mu = 1.000, current mu = 1.000) allocation failure; 


<--- JS stacktrace --->

FATAL ERROR: Committing semi space failed. Allocation failed - JavaScript heap out of memory
----- Native stack trace -----

 1: 00007FF6945271AB node::SetCppgcReference+16075
 2: 00007FF69449DCC6 v8::base::CPU::num_virtual_address_bits+79190
 3: 00007FF69449FED5 v8::base::CPU::num_virtual_address_bits+87909
 4: 00007FF694F0F061 v8::Isolate::ReportExternalAllocationLimitReached+65
 5: 00007FF694EF87F8 v8::Function::Experimental_IsNopFunction+1336
 6: 00007FF694D5A120 v8::Platform::SystemClockTimeMillis+659328
 7: 00007FF694D11F23 v8::Platform::SystemClockTimeMillis+363907
 8: 00007FF694D637E0 v8::Platform::SystemClockTimeMillis+697920
 9: 00007FF694D56E40 v8::Platform::SystemClockTimeMillis+646304
10: 00007FF694D6C4BA v8::Platform::SystemClockTimeMillis+733978
11: 00007FF694D6CD37 v8::Platform::SystemClockTimeMillis+736151
12: 00007FF694D7EFE7 v8::Platform::SystemClockTimeMillis+810567
13: 00007FF694B46508 v8::base::Thread::StartSynchronously+650440
14: 00007FF694B42EC4 v8::base::Thread::StartSynchronously+636548
15: 00007FF694B4352D v8::base::Thread::StartSynchronously+638189
16: 00007FF694B42C59 v8::base::Thread::StartSynchronously+635929
17: 00007FF694B438B4 v8::base::Thread::StartSynchronously+639092
18: 00007FF694B4787F v8::base::Thread::StartSynchronously+655423
19: 00007FF694B503F2 v8::base::Thread::StartSynchronously+691122
20: 00007FF694B25CC0 v8::base::Thread::StartSynchronously+517248
21: 00007FF694B9D941 v8::base::Thread::StartSynchronously+1007873
22: 00007FF694BABB91 v8::base::Thread::StartSynchronously+1065809
23: 00007FF694A386B6 v8::CodeEvent::GetFunctionName+103158
24: 00007FF694A37F6F v8::CodeEvent::GetFunctionName+101295
25: 00007FF694A37B0E v8::CodeEvent::GetFunctionName+100174
26: 00007FF694A38EF3 v8::CodeEvent::GetFunctionName+105267
27: 00007FF694FC062E v8::PropertyDescriptor::writable+677134
28: 00007FF695081386 v8::PropertyDescriptor::writable+1466982
29: 00007FF694F31BD0 v8::PropertyDescriptor::writable+92848
30: 00007FF694F31BD0 v8::PropertyDescriptor::writable+92848
31: 00007FF694F31BD0 v8::PropertyDescriptor::writable+92848
32: 00007FF694F31BD0 v8::PropertyDescriptor::writable+92848
33: 00007FF694F31BD0 v8::PropertyDescriptor::writable+92848
34: 00007FF694F31BD0 v8::PropertyDescriptor::writable+92848
35: 00007FF694F31BD0 v8::PropertyDescriptor::writable+92848
36: 00007FF61512E28D 

<--- Last few GCs --->


<--- JS stacktrace --->


#
# Fatal javascript OOM in MemoryChunk allocation failed during deserialization.
#


#
# Fatal javascript OOM in MemoryChunk allocation failed during deserialization.
#


<--- Last few GCs --->


<--- JS stacktrace --->


#
# Fatal javascript OOM in MemoryChunk allocation failed during deserialization.
#


<--- Last few GCs --->


<--- JS stacktrace --->

FATAL ERROR: Committing semi space failed. Allocation failed - JavaScript heap out of memory
----- Native stack trace -----


#
# Fatal process OOM in Failed to reserve virtual memory for CodeRange
#

 1: 00007FF6945271AB node::SetCppgcReference+16075
 2: 00007FF69449DCC6 v8::base::CPU::num_virtual_address_bits+79190
 3: 00007FF69449FED5 v8::base::CPU::num_virtual_address_bits+87909
 4: 00007FF694F0F061 v8::Isolate::ReportExternalAllocationLimitReached+65
 5: 00007FF694EF87F8 v8::Function::Experimental_IsNopFunction+1336
 6: 00007FF694D5A120 v8::Platform::SystemClockTimeMillis+659328
 7: 00007FF694D11F23 v8::Platform::SystemClockTimeMillis+363907
 8: 00007FF694D637E0 v8::Platform::SystemClockTimeMillis+697920
 9: 00007FF694D56E40 v8::Platform::SystemClockTimeMillis+646304
10: 00007FF694D6C4BA v8::Platform::SystemClockTimeMillis+733978
11: 00007FF694D6CD37 v8::Platform::SystemClockTimeMillis+736151
12: 00007FF694D76282 v8::Platform::SystemClockTimeMillis+774370
13: 00007FF694D75D16 v8::Platform::SystemClockTimeMillis+772982
14: 00007FF694800874 CrashForExceptionInNonABICompliantCodeRange+15604
15: 00007FF694A6A1DE v8::PropertyDescriptor::value+123358
16: 00007FF694A4D9F6 v8::PropertyDescriptor::value+6646
17: 00007FF694A4DEC9 v8::PropertyDescriptor::value+7881
18: 00007FF694A4E578 v8::PropertyDescriptor::value+9592
19: 00007FF694A4F50B v8::PropertyDescriptor::value+13579
20: 00007FF694A4F03D v8::PropertyDescriptor::value+12349
21: 00007FF694A4EA37 v8::PropertyDescriptor::value+10807
22: 00007FF694A2AB52 v8::CodeEvent::GetFunctionName+46994
23: 00007FF694FC062E v8::PropertyDescriptor::writable+677134
24: 00007FF69502BD81 v8::PropertyDescriptor::writable+1117281
25: 00007FF694F31BD0 v8::PropertyDescriptor::writable+92848
26: 00007FF694F31BD0 v8::PropertyDescriptor::writable+92848
27: 00007FF694F31BD0 v8::PropertyDescriptor::writable+92848
28: 00007FF694F31BD0 v8::PropertyDescriptor::writable+92848
29: 00007FF694F31BD0 v8::PropertyDescriptor::writable+92848
30: 00007FF694F31BD0 v8::PropertyDescriptor::writable+92848
31: 00007FF694F31BD0 v8::PropertyDescriptor::writable+92848
32: 00007FF694F31BD0 v8::PropertyDescriptor::writable+92848
33: 00007FF694F2FF90 v8::PropertyDescriptor::writable+85616
34: 00007FF694F2FB8B v8::PropertyDescriptor::writable+84587
35: 00007FF694DDA388 v8::PrimitiveArray::Length+3928
36: 00007FF694DD9C83 v8::PrimitiveArray::Length+2131
37: 00007FF694EEE32B v8::Function::Call+571
38: 00007FF6944BE3BA node::OnFatalError+124122
39: 00007FF69441C41E node::TriggerNodeReport+29134
40: 00007FF694558887 node::CreateEnvironment+599
41: 00007FF694399894 RSA_meth_get_flags+157524
42: 00007FF6943951B8 RSA_meth_get_flags+139384
43: 00007FF694579B6D uv_poll_stop+237
44: 00007FF695715180 inflateValidate+153328
45: 00007FFAE21FE957 BaseThreadInitThunk+23
46: 00007FFAE3F0427C RtlUserThreadStart+44

<--- Last few GCs --->

[61564:0000016EB3D30080]     9200 ms: Scavenge 6.4 (7.8) -> 5.5 (9.3) MB, 3018.19 / 0.00 ms  (average mu = 1.000, current mu = 1.000) allocation failure; 
[61564:0000016EB3D30080]    11251 ms: Scavenge 7.8 (9.9) -> 6.8 (10.4) MB, 0.59 / 0.00 ms  (average mu = 1.000, current mu = 1.000) allocation failure; 
[61564:0000016EB3D30080]    15350 ms: Scavenge 9.0 (11.2) -> 8.2 (12.2) MB, 3026.68 / 0.00 ms  (average mu = 1.000, current mu = 1.000) allocation failure; 


<--- JS stacktrace --->

FATAL ERROR: NewSpace::EnsureCurrentCapacity Allocation failed - JavaScript heap out of memory
----- Native stack trace -----

 1: 00007FF6945271AB 
 2: 00007FF69449DCC6 
 3: 00007FF69449FED5 
 4: 00007FF694F0F061 
 5: 00007FF694EF87F8 
 6: 00007FF694D5A120 
 7: 00007FF694D33620 
 8: 00007FF694D60D6A 
 9: 00007FF694D6382C 
10: 00007FF694D56E40 
11: 00007FF694D6C4BA 
12: 00007FF694D762B4 
13: 00007FF694D84991 
14: 00007FF694EC957C 
15: 00007FF694EC8B49 
16: 00007FF694E64DC2 
17: 00007FF694ED3479 
18: 00007FF694DAF764 
19: 00007FF694A3B497 
20: 00007FF694A3C009 
21: 00007FF694FC062E 
22: 00007FF695083E98 
23: 00007FF694F31BD0 
24: 00007FF694F31BD0 
25: 00007FF61513705F 


#
# Fatal error in , line 0
# Fatal process out of memory: Zone
#
#
#
#FailureMessage Object: 000000948BDF5E60
----- Native stack trace -----

 1: 00007FF6945271AB node::SetCppgcReference+16075
 2: 00007FF69442649F node::TriggerNodeReport+70223
 3: 00007FF6952F2E72 V8_Fatal+162
 4: 00007FF694EF8603 v8::Function::Experimental_IsNopFunction+835
 5: 00007FF6949DAF54 v8::SnapshotCreator::GetIsolate+53284
 6: 00007FF695332664 inflateInit2_+172436
 7: 00007FF69538279A inflateInit2_+500426
 8: 00007FF695434728 inflateInit2_+1229400
 9: 00007FF695436592 inflateInit2_+1237186
10: 00007FF69543BD6A inflateInit2_+1259674
11: 00007FF695434B79 inflateInit2_+1230505
12: 00007FF695432BF3 inflateInit2_+1222435
13: 00007FF6953BAC74 inflateInit2_+731044
14: 00007FF6953B2D2F inflateInit2_+698463
15: 00007FF6953B3925 inflateInit2_+701525
16: 00007FF694E66E11 v8::SharedValueConveyor::SharedValueConveyor+29329
17: 00007FF694E33D31 v8::Proxy::GetTarget+45521
18: 00007FF694428F4D X509_STORE_get_cleanup+813
19: 00007FF694579B6D uv_poll_stop+237
20: 00007FF695715180 inflateValidate+153328
21: 00007FFAE21FE957 BaseThreadInitThunk+23
22: 00007FFAE3F0427C RtlUserThreadStart+44

<--- Last few GCs --->

[42360:0000027064F20080]     3180 ms: Scavenge 6.4 (7.8) -> 5.5 (9.3) MB, 0.87 / 0.00 ms  (average mu = 1.000, current mu = 1.000) allocation failure; 
[42360:0000027064F20080]     5258 ms: Scavenge 7.8 (9.9) -> 6.8 (10.7) MB, 1.62 / 0.00 ms  (average mu = 1.000, current mu = 1.000) allocation failure; 
[42360:0000027064F20080]     9386 ms: Scavenge 9.0 (11.2) -> 8.2 (11.9) MB, 1.06 / 0.00 ms  (average mu = 1.000, current mu = 1.000) allocation failure; 


<--- JS stacktrace --->

FATAL ERROR: NewSpace::EnsureCurrentCapacity Allocation failed - JavaScript heap out of memory
----- Native stack trace -----

 1: 00007FF6945271AB node::SetCppgcReference+16075
 2: 00007FF69449DCC6 v8::base::CPU::num_virtual_address_bits+79190
 3: 00007FF69449FED5 v8::base::CPU::num_virtual_address_bits+87909
 4: 00007FF694F0F061 v8::Isolate::ReportExternalAllocationLimitReached+65
 5: 00007FF694EF87F8 v8::Function::Experimental_IsNopFunction+1336
 6: 00007FF694D5A120 v8::Platform::SystemClockTimeMillis+659328
 7: 00007FF694D33620 v8::Platform::SystemClockTimeMillis+500864
 8: 00007FF694D60D6A v8::Platform::SystemClockTimeMillis+687050
 9: 00007FF694D6382C v8::Platform::SystemClockTimeMillis+697996
10: 00007FF694D56E40 v8::Platform::SystemClockTimeMillis+646304
11: 00007FF694D6C4BA v8::Platform::SystemClockTimeMillis+733978
12: 00007FF694D762B4 v8::Platform::SystemClockTimeMillis+774420
13: 00007FF694D84991 v8::Platform::SystemClockTimeMillis+833521
14: 00007FF694EC957C v8::SharedValueConveyor::SharedValueConveyor+432636
15: 00007FF694EC8B49 v8::SharedValueConveyor::SharedValueConveyor+430025
16: 00007FF694E64DC2 v8::SharedValueConveyor::SharedValueConveyor+21058
17: 00007FF694ED3479 v8::SharedValueConveyor::SharedValueConveyor+473337
18: 00007FF694DAF764 v8::Locker::IsLocked+2868
19: 00007FF694A3B497 v8::CodeEvent::GetFunctionName+114903
20: 00007FF694A3C009 v8::CodeEvent::GetFunctionName+117833
21: 00007FF694FC062E v8::PropertyDescriptor::writable+677134
22: 00007FF695083E98 v8::PropertyDescriptor::writable+1478008
23: 00007FF694F31BD0 v8::PropertyDescriptor::writable+92848
24: 00007FF694F31BD0 v8::PropertyDescriptor::writable+92848
25: 00007FF61513705F 

<--- Last few GCs --->


<--- JS stacktrace --->


#
# Fatal javascript OOM in MemoryChunk allocation failed during deserialization.
#


<--- Last few GCs --->


<--- JS stacktrace --->

FATAL ERROR: Committing semi space failed. Allocation failed - JavaScript heap out of memory
----- Native stack trace -----


<--- Last few GCs --->


<--- JS stacktrace --->

FATAL ERROR: Committing semi space failed. Allocation failed - JavaScript heap out of memory
----- Native stack trace -----

 1: 00007FF6945271AB node::SetCppgcReference+16075
 1: 00007FF6945271AB node::SetCppgcReference+16075
 2: 00007FF69449DCC6 v8::base::CPU::num_virtual_address_bits+79190
 3: 00007FF69449FED5 v8::base::CPU::num_virtual_address_bits+87909
 2: 00007FF69449DCC6 v8::base::CPU::num_virtual_address_bits+79190
 4: 00007FF694F0F061 v8::Isolate::ReportExternalAllocationLimitReached+65
 3: 00007FF69449FED5 v8::base::CPU::num_virtual_address_bits+87909
 5: 00007FF694EF87F8 v8::Function::Experimental_IsNopFunction+1336
 4: 00007FF694F0F061 v8::Isolate::ReportExternalAllocationLimitReached+65
 6: 00007FF694D5A120 v8::Platform::SystemClockTimeMillis+659328
 5: 00007FF694EF87F8 v8::Function::Experimental_IsNopFunction+1336
 7: 00007FF694D11F23 v8::Platform::SystemClockTimeMillis+363907
 6: 00007FF694D5A120 v8::Platform::SystemClockTimeMillis+659328
 8: 00007FF694D637E0 v8::Platform::SystemClockTimeMillis+697920
 7: 00007FF694D11F23 v8::Platform::SystemClockTimeMillis+363907
 9: 00007FF694D56E40 v8::Platform::SystemClockTimeMillis+646304
 8: 00007FF694D637E0 v8::Platform::SystemClockTimeMillis+697920
10: 00007FF694D6C4BA v8::Platform::SystemClockTimeMillis+733978
 9: 00007FF694D56E40 v8::Platform::SystemClockTimeMillis+646304
11: 00007FF694D6CD37 v8::Platform::SystemClockTimeMillis+736151
10: 00007FF694D6C4BA v8::Platform::SystemClockTimeMillis+733978
12: 00007FF694D7596E v8::Platform::SystemClockTimeMillis+772046
11: 00007FF694D6CD37 v8::Platform::SystemClockTimeMillis+736151
13: 00007FF694D89BF4 v8::Platform::SystemClockTimeMillis+854612
12: 00007FF694D7596E v8::Platform::SystemClockTimeMillis+772046
14: 00007FF694B291A7 v8::base::Thread::StartSynchronously+530791
13: 00007FF694D89BF4 v8::Platform::SystemClockTimeMillis+854612
15: 00007FF694B2912E v8::base::Thread::StartSynchronously+530670
14: 00007FF694B291A7 v8::base::Thread::StartSynchronously+530791
16: 00007FF694B42C06 v8::base::Thread::StartSynchronously+635846
15: 00007FF694B2912E v8::base::Thread::StartSynchronously+530670
17: 00007FF694B438B4 v8::base::Thread::StartSynchronously+639092
16: 00007FF694B42C06 v8::base::Thread::StartSynchronously+635846
18: 00007FF694B4787F v8::base::Thread::StartSynchronously+655423
17: 00007FF694B438B4 v8::base::Thread::StartSynchronously+639092
19: 00007FF694B503F2 v8::base::Thread::StartSynchronously+691122
18: 00007FF694B4787F v8::base::Thread::StartSynchronously+655423
20: 00007FF694B25CC0 v8::base::Thread::StartSynchronously+517248
19: 00007FF694B503F2 v8::base::Thread::StartSynchronously+691122
21: 00007FF694B3A854 v8::base::Thread::StartSynchronously+602132
20: 00007FF694B25CC0 v8::base::Thread::StartSynchronously+517248
22: 00007FF694CE2B23 v8::Platform::SystemClockTimeMillis+170371
21: 00007FF694B3A854 v8::base::Thread::StartSynchronously+602132
23: 00007FF694CE10B9 v8::Platform::SystemClockTimeMillis+163609
22: 00007FF694CE2B23 v8::Platform::SystemClockTimeMillis+170371
24: 00007FF694FC062E v8::PropertyDescriptor::writable+677134
23: 00007FF694CE10B9 v8::Platform::SystemClockTimeMillis+163609
25: 00007FF69508B63A v8::PropertyDescriptor::writable+1508634
24: 00007FF694FC062E v8::PropertyDescriptor::writable+677134
26: 00007FF694F31BD0 v8::PropertyDescriptor::writable+92848
25: 00007FF69508B63A v8::PropertyDescriptor::writable+1508634
27: 00007FF694F31BD0 v8::PropertyDescriptor::writable+92848
26: 00007FF694F31BD0 v8::PropertyDescriptor::writable+92848
28: 00007FF694F31BD0 v8::PropertyDescriptor::writable+92848
27: 00007FF694F31BD0 v8::PropertyDescriptor::writable+92848
29: 00007FF694F31BD0 v8::PropertyDescriptor::writable+92848
28: 00007FF694F31BD0 v8::PropertyDescriptor::writable+92848
30: 00007FF694F31BD0 v8::PropertyDescriptor::writable+92848
29: 00007FF694F31BD0 v8::PropertyDescriptor::writable+92848
31: 00007FF694F2FF90 v8::PropertyDescriptor::writable+85616
30: 00007FF694F31BD0 v8::PropertyDescriptor::writable+92848
32: 00007FF694F2FB8B v8::PropertyDescriptor::writable+84587
31: 00007FF694F2FF90 v8::PropertyDescriptor::writable+85616
33: 00007FF694DDA388 v8::PrimitiveArray::Length+3928
32: 00007FF694F2FB8B v8::PropertyDescriptor::writable+84587
34: 00007FF694DD9C83 v8::PrimitiveArray::Length+2131
33: 00007FF694DDA388 v8::PrimitiveArray::Length+3928
35: 00007FF694EEE32B v8::Function::Call+571
34: 00007FF694DD9C83 v8::PrimitiveArray::Length+2131
36: 00007FF6944BE3BA node::OnFatalError+124122
35: 00007FF694EEE32B v8::Function::Call+571
37: 00007FF6944187AE node::TriggerNodeReport+13662
36: 00007FF6944BE3BA node::OnFatalError+124122
38: 00007FF69441C473 node::TriggerNodeReport+29219
37: 00007FF6944187AE node::TriggerNodeReport+13662
39: 00007FF694558887 node::CreateEnvironment+599
38: 00007FF69441C473 node::TriggerNodeReport+29219
40: 00007FF694399894 RSA_meth_get_flags+157524
39: 00007FF694558887 node::CreateEnvironment+599
41: 00007FF6943951B8 RSA_meth_get_flags+139384
40: 00007FF694399894 RSA_meth_get_flags+157524
42: 00007FF694579B6D uv_poll_stop+237
41: 00007FF6943951B8 RSA_meth_get_flags+139384
43: 00007FF695715180 inflateValidate+153328
42: 00007FF694579B6D uv_poll_stop+237
44: 00007FFAE21FE957 BaseThreadInitThunk+23
43: 00007FF695715180 inflateValidate+153328
45: 00007FFAE3F0427C RtlUserThreadStart+44
44: 00007FFAE21FE957 BaseThreadInitThunk+23
45: 00007FFAE3F0427C RtlUserThreadStart+44

<--- Last few GCs --->

[63908:000001E6D364A7E0]     1088 ms: Scavenge 4.9 (6.3) -> 4.8 (7.0) MB, 0.82 / 0.00 ms  (average mu = 1.000, current mu = 1.000) allocation failure; 
[63908:000001E6D364A7E0]     1092 ms: Scavenge 6.4 (7.8) -> 5.5 (9.3) MB, 0.81 / 0.00 ms  (average mu = 1.000, current mu = 1.000) allocation failure; 


<--- JS stacktrace --->

FATAL ERROR: Zone Allocation failed - process out of memory
----- Native stack trace -----

 1: 00007FF6945271AB 
 2: 00007FF69449DCC6 
 3: 00007FF69449FED5 
 4: 00007FF694F0F061 
 5: 00007FF694EF87F8 
 6: 00007FF6949DAF54 
 7: 00007FF694A7FDF9 
 8: 00007FF694A805BA 
 9: 00007FF694A6FD4A 
10: 00007FF694A71075 
11: 00007FF694A6B704 
12: 00007FF694A6CA60 
13: 00007FF694A6D85B 
14: 00007FF694A6C3BB 
15: 00007FF694A6B7B9 
16: 00007FF694A6B7B9 
17: 00007FF694A6CA60 
18: 00007FF694A6D85B 
19: 00007FF694A6C3BB 
20: 00007FF694A6B7B9 
21: 00007FF694A6B7B9 
22: 00007FF694A6CA60 
23: 00007FF694A6D85B 
24: 00007FF694A6C3BB 
25: 00007FF694A6B7B9 
26: 00007FF694A6B7B9 
27: 00007FF694A6CA60 
28: 00007FF694A6D320 
29: 00007FF694A6C2E1 
30: 00007FF694A6B7B9 
31: 00007FF694A6D320 
32: 00007FF694A6C2E1 
33: 00007FF694A6B7B9 
34: 00007FF694A6B938 
35: 00007FF694A6D320 
36: 00007FF694A6C2E1 
37: 00007FF694A6FCA7 
38: 00007FF694A6B8B1 
39: 00007FF694A6B7B9 
40: 00007FF694A6BDD2 
41: 00007FF694A6D320 
42: 00007FF694A6C2E1 
43: 00007FF694A6B7B9 
44: 00007FF694A6B7B9 
45: 00007FF694A6D320 
46: 00007FF694A6C2E1 
47: 00007FF694A6A147 
48: 00007FF694A4D9F6 
49: 00007FF694A4DEC9 
50: 00007FF694A4E578 
51: 00007FF694A4F50B 
52: 00007FF694A4F03D 
53: 00007FF694A4EA37 
54: 00007FF694A2AB52 
55: 00007FF694FC062E 
56: 00007FF69502BD81 
57: 00007FF694F31BD0 
58: 00007FF694F31BD0 
59: 00007FF694F31BD0 
60: 00007FF694F31BD0 
61: 00007FF694F31BD0 
62: 00007FF694F31BD0 
63: 00007FF694F31BD0 
64: 00007FF694F31BD0 
65: 00007FF694F31BD0 
66: 00007FF615117F4F 

<--- Last few GCs --->

[62220:000001FF5356DFD0]     3048 ms: Scavenge 3.3 (4.4) -> 3.1 (4.2) MB, 0.53 / 0.00 ms  (average mu = 1.000, current mu = 1.000) allocation failure; 


<--- JS stacktrace --->

FATAL ERROR: Committing semi space failed. Allocation failed - JavaScript heap out of memory
----- Native stack trace -----

 1: 00007FF6945271AB node::SetCppgcReference+16075
 2: 00007FF69449DCC6 v8::base::CPU::num_virtual_address_bits+79190
 3: 00007FF69449FED5 v8::base::CPU::num_virtual_address_bits+87909
 4: 00007FF694F0F061 v8::Isolate::ReportExternalAllocationLimitReached+65
 5: 00007FF694EF87F8 v8::Function::Experimental_IsNopFunction+1336
 6: 00007FF694D5A120 v8::Platform::SystemClockTimeMillis+659328
 7: 00007FF694D11F23 v8::Platform::SystemClockTimeMillis+363907
 8: 00007FF694D637E0 v8::Platform::SystemClockTimeMillis+697920
 9: 00007FF694D56E40 v8::Platform::SystemClockTimeMillis+646304
10: 00007FF694D6C4BA v8::Platform::SystemClockTimeMillis+733978
11: 00007FF694D6CD37 v8::Platform::SystemClockTimeMillis+736151
12: 00007FF694D7EFE7 v8::Platform::SystemClockTimeMillis+810567
13: 00007FF694B46508 v8::base::Thread::StartSynchronously+650440
14: 00007FF694B42EC4 v8::base::Thread::StartSynchronously+636548
15: 00007FF694B4352D v8::base::Thread::StartSynchronously+638189
16: 00007FF694B42C59 v8::base::Thread::StartSynchronously+635929
17: 00007FF694B438B4 v8::base::Thread::StartSynchronously+639092
18: 00007FF694B4787F v8::base::Thread::StartSynchronously+655423
19: 00007FF694B503F2 v8::base::Thread::StartSynchronously+691122
20: 00007FF694B25CC0 v8::base::Thread::StartSynchronously+517248
21: 00007FF694B9D941 v8::base::Thread::StartSynchronously+1007873
22: 00007FF694BABB91 v8::base::Thread::StartSynchronously+1065809
23: 00007FF694A386B6 v8::CodeEvent::GetFunctionName+103158
24: 00007FF694A37F6F v8::CodeEvent::GetFunctionName+101295
25: 00007FF694A37B0E v8::CodeEvent::GetFunctionName+100174
26: 00007FF694A38EF3 v8::CodeEvent::GetFunctionName+105267
27: 00007FF694FC062E v8::PropertyDescriptor::writable+677134
28: 00007FF695081386 v8::PropertyDescriptor::writable+1466982
29: 00007FF694F31BD0 v8::PropertyDescriptor::writable+92848
30: 00007FF635105B2B 

<--- Last few GCs --->


<--- JS stacktrace --->

FATAL ERROR: Committing semi space failed. Allocation failed - JavaScript heap out of memory
----- Native stack trace -----


<--- Last few GCs --->

[57812:0000020686220080]    13363 ms: Scavenge 5.7 (7.0) -> 5.3 (6.3) MB, 0.62 / 0.00 ms  (average mu = 1.000, current mu = 1.000) allocation failure; 
[57812:0000020686220080]    13423 ms: Scavenge 7.0 (7.2) -> 6.5 (8.7) MB, 1.14 / 0.00 ms  (average mu = 1.000, current mu = 1.000) allocation failure; 
[57812:0000020686220080]    14537 ms: Scavenge 7.5 (8.7) -> 7.1 (8.4) MB, 1.30 / 0.00 ms  (average mu = 1.000, current mu = 1.000) allocation failure; 


<--- JS stacktrace --->

FATAL ERROR: Committing semi space failed. Allocation failed - JavaScript heap out of memory

----- Native stack trace -----
<--- Last few GCs --->



<--- Last few GCs --->
[64608:0000021F180B0080]    14689 ms: Scavenge 9.0 (9.2) -> 8.5 (9.7) MB, 0.72 / 0.00 ms  (average mu = 1.000, current mu = 1.000) allocation failure; 

[64608:0000021F180B0080]    18742 ms: Scavenge 9.3 (9.9) -> 8.9 (11.2) MB, 4033.38 / 0.00 ms  (average mu = 1.000, current mu = 1.000) allocation failure; 
[34472:000001E373330080]    13499 ms: Scavenge 7.3 (8.4) -> 6.8 (7.9) MB, 11.03 / 0.00 ms  (average mu = 1.000, current mu = 1.000) allocation failure; 
[64608:0000021F180B0080]    21783 ms: Scavenge 9.7 (11.2) -> 9.2 (10.4) MB, 2011.82 / 0.00 ms  (average mu = 1.000, current mu = 1.000) allocation failure; 
[34472:000001E373330080]    17630 ms: Scavenge 8.3 (8.4) -> 7.8 (9.9) MB, 1.02 / 0.00 ms  (average mu = 1.000, current mu = 1.000) allocation failure; 

[34472:000001E373330080]    18656 ms: Scavenge 8.7 (9.9) -> 8.3 (9.4) MB, 0.67 / 0.00 ms  (average mu = 1.000, current mu = 1.000) allocation failure; 


<--- JS stacktrace --->


<--- JS stacktrace --->
FATAL ERROR: Committing semi space failed. Allocation failed - JavaScript heap out of memory

----- Native stack trace -----
FATAL ERROR: Committing semi space failed. Allocation failed - JavaScript heap out of memory

----- Native stack trace -----


<--- Last few GCs --->

[62364:000002264C180080]    13199 ms: Scavenge 4.9 (6.3) -> 4.8 (6.0) MB, 0.70 / 0.00 ms  (average mu = 1.000, current mu = 1.000) allocation failure; 
[62364:000002264C180080]    13201 ms: Scavenge 6.4 (6.8) -> 5.5 (7.0) MB, 0.52 / 0.00 ms  (average mu = 1.000, current mu = 1.000) allocation failure; 
[62364:000002264C180080]    13206 ms: Scavenge 5.7 (7.0) -> 5.3 (6.3) MB, 0.66 / 0.00 ms  (average mu = 1.000, current mu = 1.000) allocation failure; 


<--- JS stacktrace --->

FATAL ERROR: Committing semi space failed. Allocation failed - JavaScript heap out of memory
----- Native stack trace -----





#
<--- Last few GCs --->
<--- Last few GCs --->
# Fatal error in , line 0


[48828:000001D5D9F00080]     3085 ms: Scavenge 4.8 (6.3) -> 4.7 (7.0) MB, 1.64 / 0.00 ms  (average mu = 1.000, current mu = 1.000) allocation failure; 
[61728:0000020B9D720080]     8181 ms: Scavenge 6.4 (7.8) -> 5.5 (9.0) MB, 1.08 / 0.00 ms  (average mu = 1.000, current mu = 1.000) allocation failure; 
# Fatal process out of memory: Zone
[48828:000001D5D9F00080]     4104 ms: Scavenge 6.4 (7.8) -> 5.5 (9.3) MB, 1015.03 / 0.00 ms  (average mu = 1.000, current mu = 1.000) allocation failure; 
[61728:0000020B9D720080]    12322 ms: Scavenge 7.8 (9.9) -> 6.8 (10.4) MB, 0.91 / 0.00 ms  (average mu = 1.000, current mu = 1.000) allocation failure; 
#
[48828:000001D5D9F00080]    12215 ms: Scavenge 7.7 (9.9) -> 6.8 (7.9) MB, 1.33 / 0.00 ms  (average mu = 1.000, current mu = 1.000) allocation failure; 
[61728:0000020B9D720080]    20466 ms: Scavenge 7.8 (10.7) -> 7.4 (11.9) MB, 3031.28 / 0.00 ms  (average mu = 1.000, current mu = 1.000) allocation failure; 
#


#
#FailureMessage Object: 000000C5DEBF5E30


----- Native stack trace -----
<--- JS stacktrace --->


<--- JS stacktrace --->

FATAL ERROR: MarkCompactCollector: young object promotion failed Allocation failed - JavaScript heap out of memory
FATAL ERROR: Zone Allocation failed - process out of memory
----- Native stack trace -----
----- Native stack trace -----



<--- Last few GCs --->

[59036:0000027F2B380080]     4151 ms: Scavenge 4.5 (6.0) -> 4.5 (6.8) MB, 0.86 / 0.00 ms  (average mu = 1.000, current mu = 1.000) allocation failure; 
[59036:0000027F2B380080]     4155 ms: Scavenge 6.1 (7.6) -> 5.2 (8.8) MB, 1.00 / 0.00 ms  (average mu = 1.000, current mu = 1.000) allocation failure; 
[59036:0000027F2B380080]    11255 ms: Scavenge 7.8 (9.9) -> 6.8 (7.9) MB, 0.66 / 0.00 ms  (average mu = 1.000, current mu = 1.000) allocation failure; 


<--- JS stacktrace --->

FATAL ERROR: Committing semi space failed. Allocation failed - JavaScript heap out of memory
----- Native stack trace -----


<--- Last few GCs --->
 1: 00007FF6945271AB 
 1: 00007FF6945271AB 
 1: 00007FF6945271AB 
 1: 00007FF6945271AB 
 1: 00007FF6945271AB 
 1: 00007FF6945271AB node::SetCppgcReference+16075

 2: 00007FF69449DCC6 
 1: 00007FF6945271AB 
 2: 00007FF69449DCC6 
 2: 00007FF69442649F 
 1: 00007FF6945271AB 
 1: 00007FF6945271AB 
 2: 00007FF69449DCC6 
 2: 00007FF69449DCC6 
[4008:000001F84B5B0080]    13256 ms: Scavenge 4.9 (6.3) -> 4.7 (6.0) MB, 1005.08 / 0.00 ms  (average mu = 1.000, current mu = 1.000) allocation failure; 
 2: 00007FF69449DCC6 
 3: 00007FF69449FED5 
 2: 00007FF69449DCC6 
 3: 00007FF69449FED5 
 3: 00007FF69449FED5 
 2: 00007FF69449DCC6 v8::base::CPU::num_virtual_address_bits+79190
 3: 00007FF6952F2E72 
 2: 00007FF69449DCC6 
 3: 00007FF69449FED5 
 3: 00007FF69449FED5 
 3: 00007FF69449FED5 
[4008:000001F84B5B0080]    14264 ms: Scavenge 6.4 (6.8) -> 5.5 (7.0) MB, 1004.78 / 0.00 ms  (average mu = 1.000, current mu = 1.000) allocation failure; 
 4: 00007FF694F0F061 
 4: 00007FF694F0F061 
 4: 00007FF694F0F061 
 4: 00007FF694F0F061 
 3: 00007FF69449FED5 v8::base::CPU::num_virtual_address_bits+87909
 4: 00007FF694EF8603 
 3: 00007FF69449FED5 
 4: 00007FF694F0F061 
[4008:000001F84B5B0080]    17299 ms: Scavenge 5.7 (7.0) -> 5.3 (6.3) MB, 3029.20 / 0.00 ms  (average mu = 1.000, current mu = 1.000) allocation failure; 
 5: 00007FF694EF87F8 
 4: 00007FF694F0F061 
 5: 00007FF694EF87F8 
 5: 00007FF694EF87F8 
 4: 00007FF694F0F061 v8::Isolate::ReportExternalAllocationLimitReached+65
 5: 00007FF6949DAF54 
 5: 00007FF694EF87F8 
 6: 00007FF694D5A120 
 5: 00007FF694EF87F8 

 6: 00007FF69542E31D 
 5: 00007FF694EF87F8 
 6: 00007FF694D5A120 
 6: 00007FF694D5A120 
 5: 00007FF694EF87F8 v8::Function::Experimental_IsNopFunction+1336
 4: 00007FF694F0F061 
 5: 00007FF694EF87F8 
 6: 00007FF694D5A120 
 6: 00007FF6949DAF54 

 7: 00007FF694D11F23 
 6: 00007FF694D5A120 
 7: 00007FF694D11F23 
 7: 00007FF694D11F23 
 7: 00007FF69542E43E 
 6: 00007FF694D5A120 v8::Platform::SystemClockTimeMillis+659328
 6: 00007FF694D5A120 
 7: 00007FF694D11F23 
<--- JS stacktrace --->
 7: 00007FF694D11F23 
 8: 00007FF694D637E0 
 8: 00007FF6953BBB72 
 7: 00007FF694D2426A 
 8: 00007FF694D637E0 
 7: 00007FF694D11F23 v8::Platform::SystemClockTimeMillis+363907
 7: 00007FF694C8F667 
 8: 00007FF694D637E0 
 8: 00007FF694D637E0 
 8: 00007FF694C985B9 

 9: 00007FF694D56E40 
 8: 00007FF694D637E0 
 9: 00007FF694D56E40 
 8: 00007FF694D3E5F2 
 9: 00007FF694D56E40 
 9: 00007FF6953B77FA 
10: 00007FF694D6C4BA 
 9: 00007FF694C95465 
 9: 00007FF694D56E40 
10: 00007FF694D6C4BA 
 8: 00007FF694D637E0 v8::Platform::SystemClockTimeMillis+697920
 9: 00007FF694D56E40 
FATAL ERROR: Committing semi space failed. Allocation failed - JavaScript heap out of memory
10: 00007FF694D6C4BA 
 9: 00007FF694D56E40 v8::Platform::SystemClockTimeMillis+646304
10: 00007FF6953B394A 
 9: 00007FF694D31844 
10: 00007FF694D6C4BA 
10: 00007FF694CA08BF 
----- Native stack trace -----
10: 00007FF694D6C4BA 
11: 00007FF694D6CD37 
11: 00007FF694D6CD37 
11: 00007FF694D6CD37 
10: 00007FF694D6C4BA v8::Platform::SystemClockTimeMillis+733978
11: 00007FF694E66E11 
10: 00007FF694D3B21B 
11: 00007FF694D6CD37 
11: 00007FF694C9979A 

12: 00007FF694D7596E 
11: 00007FF694D6CD37 
12: 00007FF694D7B62F 
12: 00007FF694D7596E 
11: 00007FF694D6CD37 v8::Platform::SystemClockTimeMillis+736151
12: 00007FF694E33D31 
11: 00007FF694D40159 
12: 00007FF694D7596E 
12: 00007FF694C9993F 
 1: 00007FF6945271AB node::SetCppgcReference+16075
13: 00007FF694D862B6 
13: 00007FF694D89BF4 
13: 00007FF694428F4D 
12: 00007FF6950BA60F 
13: 00007FF694A3BBE5 
12: 00007FF694D7B62F 
13: 00007FF694D89BF4 
12: 00007FF694D7596E v8::Platform::SystemClockTimeMillis+772046
13: 00007FF694C9A577 
 2: 00007FF69449DCC6 v8::base::CPU::num_virtual_address_bits+79190
14: 00007FF694D8AE88 
14: 00007FF694FC062E 
14: 00007FF694B291A7 
13: 00007FF694A3BBE5 
13: 00007FF694D8B86E v8::Platform::SystemClockTimeMillis+861902
14: 00007FF694579B6D 
13: 00007FF6950BA416 
14: 00007FF694B291A7 
15: 00007FF694FC0D83 
 3: 00007FF69449FED5 v8::base::CPU::num_virtual_address_bits+87909
14: 00007FF694D8BCF2 v8::Platform::SystemClockTimeMillis+863058
15: 00007FF694B0261A 
14: 00007FF694FC062E 
14: 00007FF694CA02C9 
15: 00007FF694B2912E 
14: 00007FF694D1D59F 
15: 00007FF695715180 
15: 00007FF694B2912E 
15: 00007FF694C9979A 
 4: 00007FF694F0F061 v8::Isolate::ReportExternalAllocationLimitReached+65
16: 00007FF694B01EB9 
16: 00007FF694F8F232 
15: 00007FF694F2F5EE 
16: 00007FF694B43DED 
15: 00007FF694E602B3 v8::SharedValueConveyor::SharedValueConveyor+1843
16: 00007FFAE21FE957 BaseThreadInitThunk+23
15: 00007FF694D3235A 
16: 00007FF694B42C06 
16: 00007FF694C9CAA9 
 5: 00007FF694EF87F8 v8::Function::Experimental_IsNopFunction+1336
17: 00007FF694A20397 
17: 00007FF61510F65A 
16: 00007FF694F2F026 
17: 00007FF694B46C8A 
16: 00007FF694C8E2AF v8::base::time_internal::TimeBase<v8::base::TimeTicks>::operator!=+97215
17: 00007FFAE3F0427C RtlUserThreadStart+44
16: 00007FF694D3101D 
17: 00007FF694B438B4 
17: 00007FF694C9FA92 
 6: 00007FF694D5A120 v8::Platform::SystemClockTimeMillis+659328
17: 00007FF69507C936 
18: 00007FF694FC062E 
18: 00007FF694B42BD9 
17: 00007FF694C8F170 v8::base::time_internal::TimeBase<v8::base::TimeTicks>::operator!=+100992
17: 00007FF694D2D605 
18: 00007FF694B4787F 
18: 00007FF694C9979A 
 7: 00007FF694D11F23 v8::Platform::SystemClockTimeMillis+363907
19: 00007FF694F8BC70 
18: 00007FF694F31BD0 
18: 00007FF694C876EF v8::base::time_internal::TimeBase<v8::base::TimeTicks>::operator!=+69631
19: 00007FF694B438B4 
19: 00007FF694B503F2 
19: 00007FF694CA2BB6 
18: 00007FF694D60D6A 
20: 00007FF694F8DC2B 
 8: 00007FF694D637E0 v8::Platform::SystemClockTimeMillis+697920
19: 00007FF694F31BD0 
20: 00007FF694B4787F 
19: 00007FF694C8818E v8::base::time_internal::TimeBase<v8::base::TimeTicks>::operator!=+72350
19: 00007FF694D6382C 
20: 00007FF694B25CC0 
20: 00007FF694C98108 
21: 00007FF61512F641 
 9: 00007FF694D56E40 v8::Platform::SystemClockTimeMillis+646304
20: 00007FF694F31BD0 
21: 00007FF694B503F2 
20: 00007FF694E6754E v8::SharedValueConveyor::SharedValueConveyor+31182
20: 00007FF694D56E40 
21: 00007FF694B3A854 
21: 00007FF694C97A41 
10: 00007FF694D6C4BA v8::Platform::SystemClockTimeMillis+733978
21: 00007FF694F31BD0 
22: 00007FF694B25CC0 
21: 00007FF694E5FC52 v8::SharedValueConveyor::SharedValueConveyor+210
21: 00007FF694D6C4BA 
22: 00007FF694CE2B23 
22: 00007FF694C87FA0 
11: 00007FF694D6CD37 v8::Platform::SystemClockTimeMillis+736151
22: 00007FF694F31BD0 
23: 00007FF694B9D941 
22: 00007FF694E60842 v8::SharedValueConveyor::SharedValueConveyor+3266
22: 00007FF694D762B4 
23: 00007FF694CE10B9 
23: 00007FF694E60729 
12: 00007FF694D7596E v8::Platform::SystemClockTimeMillis+772046
23: 00007FF694F31BD0 
24: 00007FF694BABB91 
24: 00007FF694E654CF 
23: 00007FF694E654CF v8::SharedValueConveyor::SharedValueConveyor+22863
13: 00007FF694D8A1AA v8::Platform::SystemClockTimeMillis+856074
24: 00007FF694F31BD0 
23: 00007FF694D84991 
24: 00007FF694FC062E 
25: 00007FF694A386B6 
24: 00007FF694E6A7EB v8::SharedValueConveyor::SharedValueConveyor+44139
24: 00007FF694EC957C 
25: 00007FF69508B63A 
25: 00007FF694E6A7EB 
14: 00007FF694D8A493 v8::Platform::SystemClockTimeMillis+856819
25: 00007FF61512E28D 
26: 00007FF694A37F6F 
25: 00007FF694EF279C v8::ScriptCompiler::CompileFunctionInternal+1260
25: 00007FF694EC8B49 
26: 00007FF694EF279C 
26: 00007FF694F31BD0 
15: 00007FF694B1DE62 v8::base::Thread::StartSynchronously+484898
27: 00007FF694A37B0E 
26: 00007FF694EF22A4 v8::ScriptCompiler::CompileFunction+84
26: 00007FF694E64DC2 
27: 00007FF694F31BD0 
27: 00007FF694EF22A4 
28: 00007FF694A38EF3 
16: 00007FF694B24A76 v8::base::Thread::StartSynchronously+512566
27: 00007FF6944ABC0F node::OnFatalError+48431
27: 00007FF694ED3479 
28: 00007FF694F31BD0 
28: 00007FF6944C0ACE 
17: 00007FF694A3218C v8::CodeEvent::GetFunctionName+77260
29: 00007FF694FC062E 
28: 00007FF6944AB7DD node::OnFatalError+47357
29: 00007FF6944C0517 
18: 00007FF694FC062E v8::PropertyDescriptor::writable+677134
30: 00007FF695081386 
28: 00007FF694DAF764 
29: 00007FF694EC558E v8::SharedValueConveyor::SharedValueConveyor+416270
29: 00007FF694A3B497 
29: 00007FF694F31BD0 
30: 00007FF694F31BD0 
30: 00007FF6944BE541 
19: 00007FF69508B63A v8::PropertyDescriptor::writable+1508634
31: 00007FF694F31BD0 
30: 00007FF694EC518A v8::SharedValueConveyor::SharedValueConveyor+415242
32: 00007FF694F31BD0 
30: 00007FF694A3C009 
31: 00007FF694F2FF90 
31: 00007FF694EC558E 
20: 00007FF694F31BD0 v8::PropertyDescriptor::writable+92848
31: 00007FF694EC544F v8::SharedValueConveyor::SharedValueConveyor+415951
31: 00007FF694FC062E 
32: 00007FF694F2FB8B 
32: 00007FF694EC518A 
21: 00007FF694F31BD0 v8::PropertyDescriptor::writable+92848
33: 00007FF694F31BD0 
33: 00007FF694DDA388 
32: 00007FF695083E98 
33: 00007FF694EC544F 
22: 00007FF694F31BD0 v8::PropertyDescriptor::writable+92848
32: 00007FF694EC52C0 v8::SharedValueConveyor::SharedValueConveyor+415552
34: 00007FF61513E06E 
33: 00007FF694FC052E v8::PropertyDescriptor::writable+676878
33: 00007FF694F31BD0 
34: 00007FF694DD9C83 
34: 00007FF615132167 
34: 00007FF694EC52C0 
23: 00007FF694F31BD0 v8::PropertyDescriptor::writable+92848
34: 00007FF694F31BD0 
35: 00007FF694EEE32B 
35: 00007FF694FC052E 
24: 00007FF694F31BD0 v8::PropertyDescriptor::writable+92848
35: 00007FF61513705F 
36: 00007FF6944BE3BA 
36: 00007FF615104126 
25: 00007FF694F31BD0 v8::PropertyDescriptor::writable+92848
37: 00007FF6944187AE 
26: 00007FF694F31BD0 v8::PropertyDescriptor::writable+92848
38: 00007FF69441C473 
27: 00007FF61512E28D 
39: 00007FF694558887 
40: 00007FF694399894 
41: 00007FF6943951B8 
42: 00007FF694579B6D 
43: 00007FF695715180 
44: 00007FFAE21FE957 BaseThreadInitThunk+23
45: 00007FFAE3F0427C 


#
# Fatal error in , line 0
# Out of memory: HashMap::Initialize
#
#
#
#FailureMessage Object: 0000004E7A9FB2A0
----- Native stack trace -----


<--- Last few GCs --->

[61860:0000028D1BD00080]    19798 ms: Scavenge 10.1 (11.7) -> 9.5 (10.7) MB, 16.30 / 0.00 ms  (average mu = 1.000, current mu = 1.000) allocation failure; 
[61860:0000028D1BD00080]    20825 ms: Scavenge 10.2 (10.7) -> 9.8 (14.2) MB, 1005.82 / 0.00 ms  (average mu = 1.000, current mu = 1.000) allocation failure; 
[61860:0000028D1BD00080]    28442 ms: Scavenge 12.0 (14.4) -> 10.8 (12.4) MB, 0.76 / 0.00 ms  (average mu = 1.000, current mu = 1.000) allocation failure; 


<--- JS stacktrace --->

FATAL ERROR: Committing semi space failed. Allocation failed - JavaScript heap out of memory
----- Native stack trace -----


<--- Last few GCs --->


<--- JS stacktrace --->

FATAL ERROR: Committing semi space failed. Allocation failed - JavaScript heap out of memory
----- Native stack trace -----

 1: 00007FF6945271AB 
 2: 00007FF69449DCC6 
 3: 00007FF69449FED5 
 4: 00007FF694F0F061 
 5: 00007FF694EF87F8 
 6: 00007FF694D5A120 
 7: 00007FF694D11F23 
 8: 00007FF694D637E0 
 9: 00007FF694D56E40 
10: 00007FF694D6C4BA 
11: 00007FF694D6CD37 
12: 00007FF694D7B62F 
13: 00007FF694A3BBE5 
14: 00007FF694FC062E 
15: 00007FF69503586C 
16: 00007FF694FB09B8 
17: 00007FF694F31BD0 
18: 00007FF694F31BD0 
19: 00007FF694F31BD0 
20: 00007FF694F31BD0 
21: 00007FF694F31BD0 
22: 00007FF694F31BD0 
23: 00007FF694F31BD0 
24: 00007FF694F31BD0 
25: 00007FF694F31BD0 
26: 00007FF694F31BD0 
27: 00007FF694F31BD0 
28: 00007FF694F31BD0 
29: 00007FF694F31BD0 
30: 00007FF694F31BD0 
31: 00007FF694F31BD0 
32: 00007FF694F31BD0 
33: 00007FF694F31BD0 
34: 00007FF694F31BD0 
35: 00007FF694F31BD0 
36: 00007FF694F31BD0 
37: 00007FF694F31BD0 
38: 00007FF694F31BD0 
39: 00007FF694F31BD0 
40: 00007FF694F31BD0 
41: 00007FF694F31BD0 
42: 00007FF694F31BD0 
43: 00007FF694F31BD0 
44: 00007FF694F31BD0 
45: 00007FF694F31BD0 
46: 00007FF694F31BD0 
47: 00007FF694F31BD0 
48: 00007FF694F31BD0 
49: 00007FF694F31BD0 
50: 00007FF694F31BD0 
51: 00007FF694F31BD0 
52: 00007FF694F31BD0 
53: 00007FF694F31BD0 
54: 00007FF694F31BD0 
55: 00007FF694F31BD0 
56: 00007FF694F31BD0 
57: 00007FF694F31BD0 
58: 00007FF694F31BD0 
59: 00007FF694F31BD0 
60: 00007FF694F31BD0 
61: 00007FF694F31BD0 
62: 00007FF694F31BD0 
63: 00007FF694F31BD0 
64: 00007FF694F31BD0 
65: 00007FF694F31BD0 
66: 00007FF694F31BD0 
67: 00007FF694F31BD0 
68: 00007FF694F31BD0 
69: 00007FF694F31BD0 
70: 00007FF694F31BD0 
71: 00007FF694F31BD0 
72: 00007FF694F31BD0 
73: 00007FF694F31BD0 
74: 00007FF694F31BD0 
75: 00007FF694F31BD0 
76: 00007FF694F31BD0 
77: 00007FF694F31BD0 
78: 00007FF694F31BD0 
79: 00007FF694F31BD0 
80: 00007FF694F31BD0 
81: 00007FF694F31BD0 
82: 00007FF694F31BD0 
83: 00007FF694F31BD0 
84: 00007FF694F31BD0 
85: 00007FF694F31BD0 
86: 00007FF694F31BD0 
87: 00007FF694F31BD0 
88: 00007FF694F31BD0 
89: 00007FF694F31BD0 
90: 00007FF694F31BD0 
91: 00007FF694F31BD0 
92: 00007FF694F31BD0 
93: 00007FF694F31BD0 
94: 00007FF694F31BD0 
95: 00007FF694F31BD0 
96: 00007FF694F31BD0 
97: 00007FF694F31BD0 
98: 00007FF694F31BD0 
99: 00007FF694F31BD0 
100: 00007FF694F31BD0 
101: 00007FF694F31BD0 
102: 00007FF694F31BD0 
103: 00007FF694F31BD0 
104: 00007FF694F31BD0 
105: 00007FF694F31BD0 
106: 00007FF694F31BD0 
107: 00007FF694F31BD0 
108: 00007FF694F31BD0 
109: 00007FF694F31BD0 
110: 00007FF694F31BD0 
111: 00007FF694F31BD0 
112: 00007FF694F31BD0 
113: 00007FF694F31BD0 
114: 00007FF694F31BD0 
115: 00007FF694F31BD0 
116: 00007FF694F31BD0 
117: 00007FF694F31BD0 
118: 00007FF694F31BD0 
119: 00007FF694F31BD0 
120: 00007FF694F31BD0 
121: 00007FF694F31BD0 
122: 00007FF694F31BD0 
123: 00007FF694F31BD0 
124: 00007FF694F31BD0 
125: 00007FF694F31BD0 
126: 00007FF694F31BD0 
127: 00007FF694F31BD0 
128: 00007FF694F31BD0 
129: 00007FF694F31BD0 
130: 00007FF694F31BD0 
131: 00007FF694F31BD0 
132: 00007FF694F31BD0 
133: 00007FF694F31BD0 
134: 00007FF694F31BD0 
135: 00007FF694F31BD0 
136: 00007FF694F31BD0 
137: 00007FF694F31BD0 
138: 00007FF694F31BD0 
139: 00007FF694F31BD0 
140: 00007FF694F31BD0 
141: 00007FF694F31BD0 
142: 00007FF694F31BD0 
143: 00007FF694F31BD0 
144: 00007FF694F31BD0 
145: 00007FF694F31BD0 
146: 00007FF694F31BD0 
147: 00007FF694F31BD0 
148: 00007FF694F31BD0 
149: 00007FF694F31BD0 
150: 00007FF694F31BD0 
151: 00007FF694F31BD0 
152: 00007FF694F31BD0 
153: 00007FF694F31BD0 
154: 00007FF694F31BD0 
155: 00007FF694F31BD0 
156: 00007FF694F31BD0 
157: 00007FF694F31BD0 
158: 00007FF694F31BD0 
159: 00007FF694F31BD0 
160: 00007FF694F31BD0 
161: 00007FF694F31BD0 
162: 00007FF694F31BD0 
163: 00007FF694F31BD0 
164: 00007FF694F31BD0 
165: 00007FF694F31BD0 
166: 00007FF694F31BD0 
167: 00007FF694F31BD0 
168: 00007FF694F31BD0 
169: 00007FF694F31BD0 
170: 00007FF694F31BD0 
171: 00007FF694F31BD0 
172: 00007FF694F31BD0 
173: 00007FF694F31BD0 
174: 00007FF694F31BD0 
175: 00007FF694F31BD0 
176: 00007FF694F31BD0 
177: 00007FF694F31BD0 
178: 00007FF694F31BD0 
179: 00007FF694F31BD0 
180: 00007FF694F31BD0 
181: 00007FF694F31BD0 
182: 00007FF694F31BD0 
183: 00007FF694F31BD0 
184: 00007FF694F31BD0 
185: 00007FF694F31BD0 
186: 00007FF694F31BD0 
187: 00007FF694F31BD0 
188: 00007FF694F31BD0 
189: 00007FF694F31BD0 
190: 00007FF694F31BD0 
191: 00007FF694F31BD0 
192: 00007FF694F31BD0 
193: 00007FF694F31BD0 
194: 00007FF694F31BD0 
195: 00007FF694F31BD0 
196: 00007FF694F31BD0 
197: 00007FF694F31BD0 
198: 00007FF694F31BD0 
199: 00007FF694F31BD0 
200: 00007FF694F31BD0 
201: 00007FF694F31BD0 
202: 00007FF694F31BD0 
203: 00007FF695020BF8 
204: 00007FF694F2F2A3 
205: 00007FF69507C936 
206: 00007FF694F31BD0 
207: 00007FF694F31BD0 
208: 00007FF694F31BD0 
209: 00007FF694F31BD0 
210: 00007FF694F31BD0 
211: 00007FF694F31BD0 
212: 00007FF694F31BD0 
213: 00007FF694F31BD0 
214: 00007FF694F31BD0 
215: 00007FF694F31BD0 
216: 00007FF694F31BD0 
217: 00007FF694F31BD0 
218: 00007FF694F31BD0 
219: 00007FF694F31BD0 
220: 00007FF694F31BD0 
221: 00007FF694F31BD0 
222: 00007FF694F31BD0 
223: 00007FF694F31BD0 
224: 00007FF695023D22 
225: 00007FF694F59EAA 
226: 00007FF694F2FE8B 
227: 00007FF694DDA39F 
228: 00007FF694DDA4BB 
229: 00007FF694DDB2AA 
230: 00007FF694DB2472 
231: 00007FF694DB21BC 
232: 00007FF6943CA5E8 
233: 00007FF694EC558E 
234: 00007FF694EC518A 
235: 00007FF694EC544F 
236: 00007FF694EC52C0 
237: 00007FF694FC052E 
238: 00007FF694F31BD0 
239: 00007FF694F2FF90 
240: 00007FF694F2FB8B 
241: 00007FF694DDA388 
242: 00007FF694DD9C83 
243: 00007FF694EEE32B 
244: 00007FF69455CCF6 
245: 00007FF69455D098 
246: 00007FF694554C42 
247: 00007FF694377543 
248: 00007FF6943781A8 
249: 00007FF694373682 
250: 00007FF69437258F 
251: 00007FF694572ADB 
252: 00007FF69458B301 
253: 00007FF69455C382 
254: 00007FF69444E183 
255: 00007FF6944E0715 
